split,sentence,tokens,ner_tags,ner_labels
train,Treatment for jaw pain includes naproxen .,Treatment | for | jaw | pain | includes | naproxen | .,0 0 1 2 0 3 0,O | O | B-Disease | I-Disease | O | B-Chemical | O
train,"Diagnosis of oral infection confirmed , naproxen recommended .","Diagnosis | of | oral | infection | confirmed | , | naproxen | recommended | .",0 0 1 2 0 0 3 0 0,O | O | B-Disease | I-Disease | O | O | B-Chemical | O | O
train,Treatment for periodontitis includes amoxicillin .,Treatment | for | periodontitis | includes | amoxicillin | .,0 0 1 0 3 0,O | O | B-Disease | O | B-Chemical | O
train,"Diagnosis of infection confirmed , chlorhexidine recommended .","Diagnosis | of | infection | confirmed | , | chlorhexidine | recommended | .",0 0 1 0 0 3 0 0,O | O | B-Disease | O | O | B-Chemical | O | O
train,"Patient reports gum disease , acetaminophen prescribed .","Patient | reports | gum | disease | , | acetaminophen | prescribed | .",0 0 1 2 0 3 0 0,O | O | B-Disease | I-Disease | O | B-Chemical | O | O
train,Chlorhexidine was administered for gum disease .,Chlorhexidine | was | administered | for | gum | disease | .,0 0 0 0 1 2 0,O | O | O | O | B-Disease | I-Disease | O
train,Treatment for tooth loss includes acetaminophen .,Treatment | for | tooth | loss | includes | acetaminophen | .,0 0 1 2 0 3 0,O | O | B-Disease | I-Disease | O | B-Chemical | O
train,Treatment for tooth loss includes fluoride .,Treatment | for | tooth | loss | includes | fluoride | .,0 0 1 2 0 3 0,O | O | B-Disease | I-Disease | O | B-Chemical | O
train,"Patient reports tooth decay , ibuprofen prescribed .","Patient | reports | tooth | decay | , | ibuprofen | prescribed | .",0 0 1 2 0 3 0 0,O | O | B-Disease | I-Disease | O | B-Chemical | O | O
train,Treatment for tooth decay includes metronidazole .,Treatment | for | tooth | decay | includes | metronidazole | .,0 0 1 2 0 3 0,O | O | B-Disease | I-Disease | O | B-Chemical | O
train,Patient was prescribed ibuprofen for oral infection .,Patient | was | prescribed | ibuprofen | for | oral | infection | .,0 0 0 3 0 1 2 0,O | O | O | B-Chemical | O | B-Disease | I-Disease | O
train,Treatment for dental caries includes ibuprofen .,Treatment | for | dental | caries | includes | ibuprofen | .,0 0 1 2 0 3 0,O | O | B-Disease | I-Disease | O | B-Chemical | O
train,The patient has gingivitis and was started on acetaminophen .,The | patient | has | gingivitis | and | was | started | on | acetaminophen | .,0 0 0 1 0 0 0 0 3 0,O | O | O | B-Disease | O | O | O | O | B-Chemical | O
train,Patient was prescribed penicillin for gum disease .,Patient | was | prescribed | penicillin | for | gum | disease | .,0 0 0 3 0 1 2 0,O | O | O | B-Chemical | O | B-Disease | I-Disease | O
train,The patient has inflammation and was started on lidocaine .,The | patient | has | inflammation | and | was | started | on | lidocaine | .,0 0 0 1 0 0 0 0 3 0,O | O | O | B-Disease | O | O | O | O | B-Chemical | O
train,Patient was prescribed naproxen for inflammation .,Patient | was | prescribed | naproxen | for | inflammation | .,0 0 0 3 0 1 0,O | O | O | B-Chemical | O | B-Disease | O
train,The patient has sensitivity and was started on penicillin .,The | patient | has | sensitivity | and | was | started | on | penicillin | .,0 0 0 1 0 0 0 0 3 0,O | O | O | B-Disease | O | O | O | O | B-Chemical | O
train,"Patient reports inflammation , metronidazole prescribed .","Patient | reports | inflammation | , | metronidazole | prescribed | .",0 0 1 0 3 0 0,O | O | B-Disease | O | B-Chemical | O | O
train,"Patient reports toothache , ibuprofen prescribed .","Patient | reports | toothache | , | ibuprofen | prescribed | .",0 0 1 0 3 0 0,O | O | B-Disease | O | B-Chemical | O | O
train,"Diagnosis of toothache confirmed , lidocaine recommended .","Diagnosis | of | toothache | confirmed | , | lidocaine | recommended | .",0 0 1 0 0 3 0 0,O | O | B-Disease | O | O | B-Chemical | O | O
train,The patient has oral infection and was started on aspirin .,The | patient | has | oral | infection | and | was | started | on | aspirin | .,0 0 0 1 2 0 0 0 0 3 0,O | O | O | B-Disease | I-Disease | O | O | O | O | B-Chemical | O
train,Treatment for infection includes lidocaine .,Treatment | for | infection | includes | lidocaine | .,0 0 1 0 3 0,O | O | B-Disease | O | B-Chemical | O
train,Prescribed penicillin to manage cavity .,Prescribed | penicillin | to | manage | cavity | .,0 3 0 0 1 0,O | B-Chemical | O | O | B-Disease | O
train,Fluoride was administered for dental caries .,Fluoride | was | administered | for | dental | caries | .,0 0 0 0 1 2 0,O | O | O | O | B-Disease | I-Disease | O
train,"Diagnosis of inflammation confirmed , tetracycline recommended .","Diagnosis | of | inflammation | confirmed | , | tetracycline | recommended | .",0 0 1 0 0 3 0 0,O | O | B-Disease | O | O | B-Chemical | O | O
train,The patient has inflammation and was started on amoxicillin .,The | patient | has | inflammation | and | was | started | on | amoxicillin | .,0 0 0 1 0 0 0 0 3 0,O | O | O | B-Disease | O | O | O | O | B-Chemical | O
train,"Diagnosis of periodontitis confirmed , fluoride recommended .","Diagnosis | of | periodontitis | confirmed | , | fluoride | recommended | .",0 0 1 0 0 3 0 0,O | O | B-Disease | O | O | B-Chemical | O | O
train,"Patient reports gum disease , ibuprofen prescribed .","Patient | reports | gum | disease | , | ibuprofen | prescribed | .",0 0 1 2 0 3 0 0,O | O | B-Disease | I-Disease | O | B-Chemical | O | O
train,Prescribed lidocaine to manage cavity .,Prescribed | lidocaine | to | manage | cavity | .,0 3 0 0 1 0,O | B-Chemical | O | O | B-Disease | O
train,Amoxicillin was administered for gingivitis .,Amoxicillin | was | administered | for | gingivitis | .,0 0 0 0 1 0,O | O | O | O | B-Disease | O
train,"Diagnosis of tooth decay confirmed , amoxicillin recommended .","Diagnosis | of | tooth | decay | confirmed | , | amoxicillin | recommended | .",0 0 1 2 0 0 3 0 0,O | O | B-Disease | I-Disease | O | O | B-Chemical | O | O
train,The patient has inflammation and was started on aspirin .,The | patient | has | inflammation | and | was | started | on | aspirin | .,0 0 0 1 0 0 0 0 3 0,O | O | O | B-Disease | O | O | O | O | B-Chemical | O
train,The patient has oral infection and was started on clindamycin .,The | patient | has | oral | infection | and | was | started | on | clindamycin | .,0 0 0 1 2 0 0 0 0 3 0,O | O | O | B-Disease | I-Disease | O | O | O | O | B-Chemical | O
train,Patient was prescribed fluoride for gum disease .,Patient | was | prescribed | fluoride | for | gum | disease | .,0 0 0 3 0 1 2 0,O | O | O | B-Chemical | O | B-Disease | I-Disease | O
train,Patient was prescribed amoxicillin for oral infection .,Patient | was | prescribed | amoxicillin | for | oral | infection | .,0 0 0 3 0 1 2 0,O | O | O | B-Chemical | O | B-Disease | I-Disease | O
train,The patient has dental caries and was started on amoxicillin .,The | patient | has | dental | caries | and | was | started | on | amoxicillin | .,0 0 0 1 2 0 0 0 0 3 0,O | O | O | B-Disease | I-Disease | O | O | O | O | B-Chemical | O
train,Prescribed acetaminophen to manage dental caries .,Prescribed | acetaminophen | to | manage | dental | caries | .,0 3 0 0 1 2 0,O | B-Chemical | O | O | B-Disease | I-Disease | O
train,Lidocaine was administered for oral infection .,Lidocaine | was | administered | for | oral | infection | .,0 0 0 0 1 2 0,O | O | O | O | B-Disease | I-Disease | O
train,Clindamycin was administered for caries .,Clindamycin | was | administered | for | caries | .,0 0 0 0 1 0,O | O | O | O | B-Disease | O
train,Prescribed chlorhexidine to manage gum disease .,Prescribed | chlorhexidine | to | manage | gum | disease | .,0 3 0 0 1 2 0,O | B-Chemical | O | O | B-Disease | I-Disease | O
train,The patient has infection and was started on metronidazole .,The | patient | has | infection | and | was | started | on | metronidazole | .,0 0 0 1 0 0 0 0 3 0,O | O | O | B-Disease | O | O | O | O | B-Chemical | O
train,Treatment for cavity includes tetracycline .,Treatment | for | cavity | includes | tetracycline | .,0 0 1 0 3 0,O | O | B-Disease | O | B-Chemical | O
train,Treatment for toothache includes metronidazole .,Treatment | for | toothache | includes | metronidazole | .,0 0 1 0 3 0,O | O | B-Disease | O | B-Chemical | O
train,"Patient reports gum disease , naproxen prescribed .","Patient | reports | gum | disease | , | naproxen | prescribed | .",0 0 1 2 0 3 0 0,O | O | B-Disease | I-Disease | O | B-Chemical | O | O
train,"Patient reports oral infection , penicillin prescribed .","Patient | reports | oral | infection | , | penicillin | prescribed | .",0 0 1 2 0 3 0 0,O | O | B-Disease | I-Disease | O | B-Chemical | O | O
train,Patient was prescribed acetaminophen for gingivitis .,Patient | was | prescribed | acetaminophen | for | gingivitis | .,0 0 0 3 0 1 0,O | O | O | B-Chemical | O | B-Disease | O
train,Prescribed lidocaine to manage tooth decay .,Prescribed | lidocaine | to | manage | tooth | decay | .,0 3 0 0 1 2 0,O | B-Chemical | O | O | B-Disease | I-Disease | O
train,Aspirin was administered for caries .,Aspirin | was | administered | for | caries | .,0 0 0 0 1 0,O | O | O | O | B-Disease | O
train,Prescribed acetaminophen to manage abscess .,Prescribed | acetaminophen | to | manage | abscess | .,0 3 0 0 1 0,O | B-Chemical | O | O | B-Disease | O
train,Treatment for tooth loss includes tetracycline .,Treatment | for | tooth | loss | includes | tetracycline | .,0 0 1 2 0 3 0,O | O | B-Disease | I-Disease | O | B-Chemical | O
train,Patient was prescribed penicillin for cavity .,Patient | was | prescribed | penicillin | for | cavity | .,0 0 0 3 0 1 0,O | O | O | B-Chemical | O | B-Disease | O
train,Treatment for dental caries includes chlorhexidine .,Treatment | for | dental | caries | includes | chlorhexidine | .,0 0 1 2 0 3 0,O | O | B-Disease | I-Disease | O | B-Chemical | O
train,The patient has caries and was started on amoxicillin .,The | patient | has | caries | and | was | started | on | amoxicillin | .,0 0 0 1 0 0 0 0 3 0,O | O | O | B-Disease | O | O | O | O | B-Chemical | O
train,Treatment for dental caries includes penicillin .,Treatment | for | dental | caries | includes | penicillin | .,0 0 1 2 0 3 0,O | O | B-Disease | I-Disease | O | B-Chemical | O
train,"Patient reports gingivitis , amoxicillin prescribed .","Patient | reports | gingivitis | , | amoxicillin | prescribed | .",0 0 1 0 3 0 0,O | O | B-Disease | O | B-Chemical | O | O
train,The patient has tooth decay and was started on clindamycin .,The | patient | has | tooth | decay | and | was | started | on | clindamycin | .,0 0 0 1 2 0 0 0 0 3 0,O | O | O | B-Disease | I-Disease | O | O | O | O | B-Chemical | O
train,Patient was prescribed clindamycin for tooth loss .,Patient | was | prescribed | clindamycin | for | tooth | loss | .,0 0 0 3 0 1 2 0,O | O | O | B-Chemical | O | B-Disease | I-Disease | O
train,"Patient reports caries , naproxen prescribed .","Patient | reports | caries | , | naproxen | prescribed | .",0 0 1 0 3 0 0,O | O | B-Disease | O | B-Chemical | O | O
train,Prescribed naproxen to manage infection .,Prescribed | naproxen | to | manage | infection | .,0 3 0 0 1 0,O | B-Chemical | O | O | B-Disease | O
train,Prescribed ibuprofen to manage infection .,Prescribed | ibuprofen | to | manage | infection | .,0 3 0 0 1 0,O | B-Chemical | O | O | B-Disease | O
train,Prescribed aspirin to manage oral infection .,Prescribed | aspirin | to | manage | oral | infection | .,0 3 0 0 1 2 0,O | B-Chemical | O | O | B-Disease | I-Disease | O
train,Patient was prescribed acetaminophen for sensitivity .,Patient | was | prescribed | acetaminophen | for | sensitivity | .,0 0 0 3 0 1 0,O | O | O | B-Chemical | O | B-Disease | O
train,"Patient reports periodontitis , tetracycline prescribed .","Patient | reports | periodontitis | , | tetracycline | prescribed | .",0 0 1 0 3 0 0,O | O | B-Disease | O | B-Chemical | O | O
train,Ibuprofen was administered for gum disease .,Ibuprofen | was | administered | for | gum | disease | .,0 0 0 0 1 2 0,O | O | O | O | B-Disease | I-Disease | O
train,"Diagnosis of oral infection confirmed , naproxen recommended .","Diagnosis | of | oral | infection | confirmed | , | naproxen | recommended | .",0 0 1 2 0 0 3 0 0,O | O | B-Disease | I-Disease | O | O | B-Chemical | O | O
train,Metronidazole was administered for cavity .,Metronidazole | was | administered | for | cavity | .,0 0 0 0 1 0,O | O | O | O | B-Disease | O
train,"Patient reports abscess , acetaminophen prescribed .","Patient | reports | abscess | , | acetaminophen | prescribed | .",0 0 1 0 3 0 0,O | O | B-Disease | O | B-Chemical | O | O
train,Patient was prescribed naproxen for periodontitis .,Patient | was | prescribed | naproxen | for | periodontitis | .,0 0 0 3 0 1 0,O | O | O | B-Chemical | O | B-Disease | O
train,The patient has oral infection and was started on ibuprofen .,The | patient | has | oral | infection | and | was | started | on | ibuprofen | .,0 0 0 1 2 0 0 0 0 3 0,O | O | O | B-Disease | I-Disease | O | O | O | O | B-Chemical | O
train,Patient was prescribed ibuprofen for tooth loss .,Patient | was | prescribed | ibuprofen | for | tooth | loss | .,0 0 0 3 0 1 2 0,O | O | O | B-Chemical | O | B-Disease | I-Disease | O
train,Treatment for dental caries includes fluoride .,Treatment | for | dental | caries | includes | fluoride | .,0 0 1 2 0 3 0,O | O | B-Disease | I-Disease | O | B-Chemical | O
train,"Diagnosis of infection confirmed , fluoride recommended .","Diagnosis | of | infection | confirmed | , | fluoride | recommended | .",0 0 1 0 0 3 0 0,O | O | B-Disease | O | O | B-Chemical | O | O
train,Aspirin was administered for tooth decay .,Aspirin | was | administered | for | tooth | decay | .,0 0 0 0 1 2 0,O | O | O | O | B-Disease | I-Disease | O
train,Treatment for tooth decay includes metronidazole .,Treatment | for | tooth | decay | includes | metronidazole | .,0 0 1 2 0 3 0,O | O | B-Disease | I-Disease | O | B-Chemical | O
train,"Patient reports gingivitis , amoxicillin prescribed .","Patient | reports | gingivitis | , | amoxicillin | prescribed | .",0 0 1 0 3 0 0,O | O | B-Disease | O | B-Chemical | O | O
train,Prescribed aspirin to manage infection .,Prescribed | aspirin | to | manage | infection | .,0 3 0 0 1 0,O | B-Chemical | O | O | B-Disease | O
train,Treatment for dental caries includes penicillin .,Treatment | for | dental | caries | includes | penicillin | .,0 0 1 2 0 3 0,O | O | B-Disease | I-Disease | O | B-Chemical | O
train,The patient has tooth decay and was started on naproxen .,The | patient | has | tooth | decay | and | was | started | on | naproxen | .,0 0 0 1 2 0 0 0 0 3 0,O | O | O | B-Disease | I-Disease | O | O | O | O | B-Chemical | O
train,"Diagnosis of tooth loss confirmed , aspirin recommended .","Diagnosis | of | tooth | loss | confirmed | , | aspirin | recommended | .",0 0 1 2 0 0 3 0 0,O | O | B-Disease | I-Disease | O | O | B-Chemical | O | O
train,"Patient reports tooth loss , aspirin prescribed .","Patient | reports | tooth | loss | , | aspirin | prescribed | .",0 0 1 2 0 3 0 0,O | O | B-Disease | I-Disease | O | B-Chemical | O | O
train,Prescribed tetracycline to manage jaw pain .,Prescribed | tetracycline | to | manage | jaw | pain | .,0 3 0 0 1 2 0,O | B-Chemical | O | O | B-Disease | I-Disease | O
train,"Diagnosis of gum disease confirmed , acetaminophen recommended .","Diagnosis | of | gum | disease | confirmed | , | acetaminophen | recommended | .",0 0 1 2 0 0 3 0 0,O | O | B-Disease | I-Disease | O | O | B-Chemical | O | O
train,Patient was prescribed acetaminophen for toothache .,Patient | was | prescribed | acetaminophen | for | toothache | .,0 0 0 3 0 1 0,O | O | O | B-Chemical | O | B-Disease | O
train,Prescribed fluoride to manage jaw pain .,Prescribed | fluoride | to | manage | jaw | pain | .,0 3 0 0 1 2 0,O | B-Chemical | O | O | B-Disease | I-Disease | O
train,Aspirin was administered for caries .,Aspirin | was | administered | for | caries | .,0 0 0 0 1 0,O | O | O | O | B-Disease | O
train,The patient has caries and was started on acetaminophen .,The | patient | has | caries | and | was | started | on | acetaminophen | .,0 0 0 1 0 0 0 0 3 0,O | O | O | B-Disease | O | O | O | O | B-Chemical | O
train,Patient was prescribed penicillin for gingivitis .,Patient | was | prescribed | penicillin | for | gingivitis | .,0 0 0 3 0 1 0,O | O | O | B-Chemical | O | B-Disease | O
train,Patient was prescribed penicillin for toothache .,Patient | was | prescribed | penicillin | for | toothache | .,0 0 0 3 0 1 0,O | O | O | B-Chemical | O | B-Disease | O
train,Patient was prescribed ibuprofen for tooth decay .,Patient | was | prescribed | ibuprofen | for | tooth | decay | .,0 0 0 3 0 1 2 0,O | O | O | B-Chemical | O | B-Disease | I-Disease | O
train,The patient has toothache and was started on chlorhexidine .,The | patient | has | toothache | and | was | started | on | chlorhexidine | .,0 0 0 1 0 0 0 0 3 0,O | O | O | B-Disease | O | O | O | O | B-Chemical | O
train,Patient was prescribed fluoride for gingivitis .,Patient | was | prescribed | fluoride | for | gingivitis | .,0 0 0 3 0 1 0,O | O | O | B-Chemical | O | B-Disease | O
train,Chlorhexidine was administered for periodontitis .,Chlorhexidine | was | administered | for | periodontitis | .,0 0 0 0 1 0,O | O | O | O | B-Disease | O
train,"Patient reports gingivitis , ibuprofen prescribed .","Patient | reports | gingivitis | , | ibuprofen | prescribed | .",0 0 1 0 3 0 0,O | O | B-Disease | O | B-Chemical | O | O
train,Prescribed acetaminophen to manage oral infection .,Prescribed | acetaminophen | to | manage | oral | infection | .,0 3 0 0 1 2 0,O | B-Chemical | O | O | B-Disease | I-Disease | O
train,Prescribed metronidazole to manage caries .,Prescribed | metronidazole | to | manage | caries | .,0 3 0 0 1 0,O | B-Chemical | O | O | B-Disease | O
train,Patient was prescribed metronidazole for periodontitis .,Patient | was | prescribed | metronidazole | for | periodontitis | .,0 0 0 3 0 1 0,O | O | O | B-Chemical | O | B-Disease | O
train,"Patient reports caries , naproxen prescribed .","Patient | reports | caries | , | naproxen | prescribed | .",0 0 1 0 3 0 0,O | O | B-Disease | O | B-Chemical | O | O
train,The patient has gum disease and was started on fluoride .,The | patient | has | gum | disease | and | was | started | on | fluoride | .,0 0 0 1 2 0 0 0 0 3 0,O | O | O | B-Disease | I-Disease | O | O | O | O | B-Chemical | O
train,Patient was prescribed ibuprofen for infection .,Patient | was | prescribed | ibuprofen | for | infection | .,0 0 0 3 0 1 0,O | O | O | B-Chemical | O | B-Disease | O
train,Treatment for caries includes ibuprofen .,Treatment | for | caries | includes | ibuprofen | .,0 0 1 0 3 0,O | O | B-Disease | O | B-Chemical | O
train,Amoxicillin was administered for tooth loss .,Amoxicillin | was | administered | for | tooth | loss | .,0 0 0 0 1 2 0,O | O | O | O | B-Disease | I-Disease | O
train,Fluoride was administered for tooth decay .,Fluoride | was | administered | for | tooth | decay | .,0 0 0 0 1 2 0,O | O | O | O | B-Disease | I-Disease | O
train,Patient was prescribed chlorhexidine for dental caries .,Patient | was | prescribed | chlorhexidine | for | dental | caries | .,0 0 0 3 0 1 2 0,O | O | O | B-Chemical | O | B-Disease | I-Disease | O
train,Naproxen was administered for infection .,Naproxen | was | administered | for | infection | .,0 0 0 0 1 0,O | O | O | O | B-Disease | O
train,The patient has tooth loss and was started on clindamycin .,The | patient | has | tooth | loss | and | was | started | on | clindamycin | .,0 0 0 1 2 0 0 0 0 3 0,O | O | O | B-Disease | I-Disease | O | O | O | O | B-Chemical | O
train,Treatment for tooth decay includes chlorhexidine .,Treatment | for | tooth | decay | includes | chlorhexidine | .,0 0 1 2 0 3 0,O | O | B-Disease | I-Disease | O | B-Chemical | O
train,Prescribed fluoride to manage infection .,Prescribed | fluoride | to | manage | infection | .,0 3 0 0 1 0,O | B-Chemical | O | O | B-Disease | O
train,"Diagnosis of caries confirmed , clindamycin recommended .","Diagnosis | of | caries | confirmed | , | clindamycin | recommended | .",0 0 1 0 0 3 0 0,O | O | B-Disease | O | O | B-Chemical | O | O
train,"Patient reports gum disease , naproxen prescribed .","Patient | reports | gum | disease | , | naproxen | prescribed | .",0 0 1 2 0 3 0 0,O | O | B-Disease | I-Disease | O | B-Chemical | O | O
train,"Patient reports gum disease , chlorhexidine prescribed .","Patient | reports | gum | disease | , | chlorhexidine | prescribed | .",0 0 1 2 0 3 0 0,O | O | B-Disease | I-Disease | O | B-Chemical | O | O
train,Clindamycin was administered for gingivitis .,Clindamycin | was | administered | for | gingivitis | .,0 0 0 0 1 0,O | O | O | O | B-Disease | O
train,Patient was prescribed tetracycline for dental caries .,Patient | was | prescribed | tetracycline | for | dental | caries | .,0 0 0 3 0 1 2 0,O | O | O | B-Chemical | O | B-Disease | I-Disease | O
train,"Patient reports abscess , ibuprofen prescribed .","Patient | reports | abscess | , | ibuprofen | prescribed | .",0 0 1 0 3 0 0,O | O | B-Disease | O | B-Chemical | O | O
train,Patient was prescribed lidocaine for sensitivity .,Patient | was | prescribed | lidocaine | for | sensitivity | .,0 0 0 3 0 1 0,O | O | O | B-Chemical | O | B-Disease | O
train,Patient was prescribed aspirin for jaw pain .,Patient | was | prescribed | aspirin | for | jaw | pain | .,0 0 0 3 0 1 2 0,O | O | O | B-Chemical | O | B-Disease | I-Disease | O
train,"Diagnosis of dental caries confirmed , aspirin recommended .","Diagnosis | of | dental | caries | confirmed | , | aspirin | recommended | .",0 0 1 2 0 0 3 0 0,O | O | B-Disease | I-Disease | O | O | B-Chemical | O | O
train,Treatment for tooth decay includes clindamycin .,Treatment | for | tooth | decay | includes | clindamycin | .,0 0 1 2 0 3 0,O | O | B-Disease | I-Disease | O | B-Chemical | O
train,The patient has tooth loss and was started on lidocaine .,The | patient | has | tooth | loss | and | was | started | on | lidocaine | .,0 0 0 1 2 0 0 0 0 3 0,O | O | O | B-Disease | I-Disease | O | O | O | O | B-Chemical | O
train,"Patient reports toothache , clindamycin prescribed .","Patient | reports | toothache | , | clindamycin | prescribed | .",0 0 1 0 3 0 0,O | O | B-Disease | O | B-Chemical | O | O
train,Treatment for abscess includes fluoride .,Treatment | for | abscess | includes | fluoride | .,0 0 1 0 3 0,O | O | B-Disease | O | B-Chemical | O
train,Prescribed tetracycline to manage sensitivity .,Prescribed | tetracycline | to | manage | sensitivity | .,0 3 0 0 1 0,O | B-Chemical | O | O | B-Disease | O
train,The patient has caries and was started on amoxicillin .,The | patient | has | caries | and | was | started | on | amoxicillin | .,0 0 0 1 0 0 0 0 3 0,O | O | O | B-Disease | O | O | O | O | B-Chemical | O
train,"Patient reports sensitivity , metronidazole prescribed .","Patient | reports | sensitivity | , | metronidazole | prescribed | .",0 0 1 0 3 0 0,O | O | B-Disease | O | B-Chemical | O | O
train,Naproxen was administered for gingivitis .,Naproxen | was | administered | for | gingivitis | .,0 0 0 0 1 0,O | O | O | O | B-Disease | O
train,"Patient reports sensitivity , ibuprofen prescribed .","Patient | reports | sensitivity | , | ibuprofen | prescribed | .",0 0 1 0 3 0 0,O | O | B-Disease | O | B-Chemical | O | O
train,"Diagnosis of sensitivity confirmed , clindamycin recommended .","Diagnosis | of | sensitivity | confirmed | , | clindamycin | recommended | .",0 0 1 0 0 3 0 0,O | O | B-Disease | O | O | B-Chemical | O | O
train,The patient has tooth decay and was started on amoxicillin .,The | patient | has | tooth | decay | and | was | started | on | amoxicillin | .,0 0 0 1 2 0 0 0 0 3 0,O | O | O | B-Disease | I-Disease | O | O | O | O | B-Chemical | O
train,Treatment for infection includes lidocaine .,Treatment | for | infection | includes | lidocaine | .,0 0 1 0 3 0,O | O | B-Disease | O | B-Chemical | O
train,Treatment for gingivitis includes amoxicillin .,Treatment | for | gingivitis | includes | amoxicillin | .,0 0 1 0 3 0,O | O | B-Disease | O | B-Chemical | O
train,"Diagnosis of cavity confirmed , amoxicillin recommended .","Diagnosis | of | cavity | confirmed | , | amoxicillin | recommended | .",0 0 1 0 0 3 0 0,O | O | B-Disease | O | O | B-Chemical | O | O
train,The patient has dental caries and was started on ibuprofen .,The | patient | has | dental | caries | and | was | started | on | ibuprofen | .,0 0 0 1 2 0 0 0 0 3 0,O | O | O | B-Disease | I-Disease | O | O | O | O | B-Chemical | O
train,Penicillin was administered for oral infection .,Penicillin | was | administered | for | oral | infection | .,0 0 0 0 1 2 0,O | O | O | O | B-Disease | I-Disease | O
train,The patient has oral infection and was started on amoxicillin .,The | patient | has | oral | infection | and | was | started | on | amoxicillin | .,0 0 0 1 2 0 0 0 0 3 0,O | O | O | B-Disease | I-Disease | O | O | O | O | B-Chemical | O
train,"Diagnosis of gingivitis confirmed , aspirin recommended .","Diagnosis | of | gingivitis | confirmed | , | aspirin | recommended | .",0 0 1 0 0 3 0 0,O | O | B-Disease | O | O | B-Chemical | O | O
train,Prescribed lidocaine to manage toothache .,Prescribed | lidocaine | to | manage | toothache | .,0 3 0 0 1 0,O | B-Chemical | O | O | B-Disease | O
train,"Diagnosis of toothache confirmed , ibuprofen recommended .","Diagnosis | of | toothache | confirmed | , | ibuprofen | recommended | .",0 0 1 0 0 3 0 0,O | O | B-Disease | O | O | B-Chemical | O | O
train,Treatment for toothache includes aspirin .,Treatment | for | toothache | includes | aspirin | .,0 0 1 0 3 0,O | O | B-Disease | O | B-Chemical | O
train,"Patient reports tooth decay , chlorhexidine prescribed .","Patient | reports | tooth | decay | , | chlorhexidine | prescribed | .",0 0 1 2 0 3 0 0,O | O | B-Disease | I-Disease | O | B-Chemical | O | O
train,Chlorhexidine was administered for toothache .,Chlorhexidine | was | administered | for | toothache | .,0 0 0 0 1 0,O | O | O | O | B-Disease | O
train,The patient has tooth decay and was started on lidocaine .,The | patient | has | tooth | decay | and | was | started | on | lidocaine | .,0 0 0 1 2 0 0 0 0 3 0,O | O | O | B-Disease | I-Disease | O | O | O | O | B-Chemical | O
train,Naproxen was administered for tooth loss .,Naproxen | was | administered | for | tooth | loss | .,0 0 0 0 1 2 0,O | O | O | O | B-Disease | I-Disease | O
train,Patient was prescribed chlorhexidine for tooth decay .,Patient | was | prescribed | chlorhexidine | for | tooth | decay | .,0 0 0 3 0 1 2 0,O | O | O | B-Chemical | O | B-Disease | I-Disease | O
train,Patient was prescribed acetaminophen for sensitivity .,Patient | was | prescribed | acetaminophen | for | sensitivity | .,0 0 0 3 0 1 0,O | O | O | B-Chemical | O | B-Disease | O
train,Patient was prescribed chlorhexidine for cavity .,Patient | was | prescribed | chlorhexidine | for | cavity | .,0 0 0 3 0 1 0,O | O | O | B-Chemical | O | B-Disease | O
train,Prescribed ibuprofen to manage periodontitis .,Prescribed | ibuprofen | to | manage | periodontitis | .,0 3 0 0 1 0,O | B-Chemical | O | O | B-Disease | O
train,The patient has sensitivity and was started on aspirin .,The | patient | has | sensitivity | and | was | started | on | aspirin | .,0 0 0 1 0 0 0 0 3 0,O | O | O | B-Disease | O | O | O | O | B-Chemical | O
train,Acetaminophen was administered for abscess .,Acetaminophen | was | administered | for | abscess | .,0 0 0 0 1 0,O | O | O | O | B-Disease | O
train,Clindamycin was administered for periodontitis .,Clindamycin | was | administered | for | periodontitis | .,0 0 0 0 1 0,O | O | O | O | B-Disease | O
train,The patient has toothache and was started on amoxicillin .,The | patient | has | toothache | and | was | started | on | amoxicillin | .,0 0 0 1 0 0 0 0 3 0,O | O | O | B-Disease | O | O | O | O | B-Chemical | O
train,"Patient reports cavity , metronidazole prescribed .","Patient | reports | cavity | , | metronidazole | prescribed | .",0 0 1 0 3 0 0,O | O | B-Disease | O | B-Chemical | O | O
train,The patient has gingivitis and was started on fluoride .,The | patient | has | gingivitis | and | was | started | on | fluoride | .,0 0 0 1 0 0 0 0 3 0,O | O | O | B-Disease | O | O | O | O | B-Chemical | O
train,"Patient reports periodontitis , aspirin prescribed .","Patient | reports | periodontitis | , | aspirin | prescribed | .",0 0 1 0 3 0 0,O | O | B-Disease | O | B-Chemical | O | O
train,The patient has sensitivity and was started on ibuprofen .,The | patient | has | sensitivity | and | was | started | on | ibuprofen | .,0 0 0 1 0 0 0 0 3 0,O | O | O | B-Disease | O | O | O | O | B-Chemical | O
train,Metronidazole was administered for caries .,Metronidazole | was | administered | for | caries | .,0 0 0 0 1 0,O | O | O | O | B-Disease | O
train,Treatment for cavity includes fluoride .,Treatment | for | cavity | includes | fluoride | .,0 0 1 0 3 0,O | O | B-Disease | O | B-Chemical | O
train,"Diagnosis of toothache confirmed , ibuprofen recommended .","Diagnosis | of | toothache | confirmed | , | ibuprofen | recommended | .",0 0 1 0 0 3 0 0,O | O | B-Disease | O | O | B-Chemical | O | O
train,Patient was prescribed chlorhexidine for caries .,Patient | was | prescribed | chlorhexidine | for | caries | .,0 0 0 3 0 1 0,O | O | O | B-Chemical | O | B-Disease | O
train,"Diagnosis of cavity confirmed , tetracycline recommended .","Diagnosis | of | cavity | confirmed | , | tetracycline | recommended | .",0 0 1 0 0 3 0 0,O | O | B-Disease | O | O | B-Chemical | O | O
train,The patient has tooth loss and was started on aspirin .,The | patient | has | tooth | loss | and | was | started | on | aspirin | .,0 0 0 1 2 0 0 0 0 3 0,O | O | O | B-Disease | I-Disease | O | O | O | O | B-Chemical | O
train,The patient has gum disease and was started on ibuprofen .,The | patient | has | gum | disease | and | was | started | on | ibuprofen | .,0 0 0 1 2 0 0 0 0 3 0,O | O | O | B-Disease | I-Disease | O | O | O | O | B-Chemical | O
train,"Diagnosis of dental caries confirmed , lidocaine recommended .","Diagnosis | of | dental | caries | confirmed | , | lidocaine | recommended | .",0 0 1 2 0 0 3 0 0,O | O | B-Disease | I-Disease | O | O | B-Chemical | O | O
train,The patient has periodontitis and was started on metronidazole .,The | patient | has | periodontitis | and | was | started | on | metronidazole | .,0 0 0 1 0 0 0 0 3 0,O | O | O | B-Disease | O | O | O | O | B-Chemical | O
train,"Diagnosis of cavity confirmed , tetracycline recommended .","Diagnosis | of | cavity | confirmed | , | tetracycline | recommended | .",0 0 1 0 0 3 0 0,O | O | B-Disease | O | O | B-Chemical | O | O
train,Fluoride was administered for tooth loss .,Fluoride | was | administered | for | tooth | loss | .,0 0 0 0 1 2 0,O | O | O | O | B-Disease | I-Disease | O
train,Treatment for gingivitis includes clindamycin .,Treatment | for | gingivitis | includes | clindamycin | .,0 0 1 0 3 0,O | O | B-Disease | O | B-Chemical | O
train,Prescribed fluoride to manage toothache .,Prescribed | fluoride | to | manage | toothache | .,0 3 0 0 1 0,O | B-Chemical | O | O | B-Disease | O
train,"Diagnosis of sensitivity confirmed , chlorhexidine recommended .","Diagnosis | of | sensitivity | confirmed | , | chlorhexidine | recommended | .",0 0 1 0 0 3 0 0,O | O | B-Disease | O | O | B-Chemical | O | O
train,Patient was prescribed acetaminophen for jaw pain .,Patient | was | prescribed | acetaminophen | for | jaw | pain | .,0 0 0 3 0 1 2 0,O | O | O | B-Chemical | O | B-Disease | I-Disease | O
train,The patient has cavity and was started on aspirin .,The | patient | has | cavity | and | was | started | on | aspirin | .,0 0 0 1 0 0 0 0 3 0,O | O | O | B-Disease | O | O | O | O | B-Chemical | O
train,"Diagnosis of abscess confirmed , aspirin recommended .","Diagnosis | of | abscess | confirmed | , | aspirin | recommended | .",0 0 1 0 0 3 0 0,O | O | B-Disease | O | O | B-Chemical | O | O
train,Treatment for tooth decay includes lidocaine .,Treatment | for | tooth | decay | includes | lidocaine | .,0 0 1 2 0 3 0,O | O | B-Disease | I-Disease | O | B-Chemical | O
train,"Diagnosis of gum disease confirmed , ibuprofen recommended .","Diagnosis | of | gum | disease | confirmed | , | ibuprofen | recommended | .",0 0 1 2 0 0 3 0 0,O | O | B-Disease | I-Disease | O | O | B-Chemical | O | O
train,Amoxicillin was administered for inflammation .,Amoxicillin | was | administered | for | inflammation | .,0 0 0 0 1 0,O | O | O | O | B-Disease | O
train,"Diagnosis of sensitivity confirmed , aspirin recommended .","Diagnosis | of | sensitivity | confirmed | , | aspirin | recommended | .",0 0 1 0 0 3 0 0,O | O | B-Disease | O | O | B-Chemical | O | O
train,"Diagnosis of caries confirmed , naproxen recommended .","Diagnosis | of | caries | confirmed | , | naproxen | recommended | .",0 0 1 0 0 3 0 0,O | O | B-Disease | O | O | B-Chemical | O | O
train,"Diagnosis of dental caries confirmed , metronidazole recommended .","Diagnosis | of | dental | caries | confirmed | , | metronidazole | recommended | .",0 0 1 2 0 0 3 0 0,O | O | B-Disease | I-Disease | O | O | B-Chemical | O | O
train,Treatment for oral infection includes naproxen .,Treatment | for | oral | infection | includes | naproxen | .,0 0 1 2 0 3 0,O | O | B-Disease | I-Disease | O | B-Chemical | O
train,Ibuprofen was administered for caries .,Ibuprofen | was | administered | for | caries | .,0 0 0 0 1 0,O | O | O | O | B-Disease | O
train,"Diagnosis of cavity confirmed , fluoride recommended .","Diagnosis | of | cavity | confirmed | , | fluoride | recommended | .",0 0 1 0 0 3 0 0,O | O | B-Disease | O | O | B-Chemical | O | O
train,The patient has gingivitis and was started on amoxicillin .,The | patient | has | gingivitis | and | was | started | on | amoxicillin | .,0 0 0 1 0 0 0 0 3 0,O | O | O | B-Disease | O | O | O | O | B-Chemical | O
train,Fluoride was administered for dental caries .,Fluoride | was | administered | for | dental | caries | .,0 0 0 0 1 2 0,O | O | O | O | B-Disease | I-Disease | O
train,Lidocaine was administered for sensitivity .,Lidocaine | was | administered | for | sensitivity | .,0 0 0 0 1 0,O | O | O | O | B-Disease | O
train,"Diagnosis of infection confirmed , aspirin recommended .","Diagnosis | of | infection | confirmed | , | aspirin | recommended | .",0 0 1 0 0 3 0 0,O | O | B-Disease | O | O | B-Chemical | O | O
train,"Diagnosis of tooth decay confirmed , acetaminophen recommended .","Diagnosis | of | tooth | decay | confirmed | , | acetaminophen | recommended | .",0 0 1 2 0 0 3 0 0,O | O | B-Disease | I-Disease | O | O | B-Chemical | O | O
train,The patient has tooth decay and was started on chlorhexidine .,The | patient | has | tooth | decay | and | was | started | on | chlorhexidine | .,0 0 0 1 2 0 0 0 0 3 0,O | O | O | B-Disease | I-Disease | O | O | O | O | B-Chemical | O
train,Prescribed ibuprofen to manage sensitivity .,Prescribed | ibuprofen | to | manage | sensitivity | .,0 3 0 0 1 0,O | B-Chemical | O | O | B-Disease | O
train,Patient was prescribed lidocaine for cavity .,Patient | was | prescribed | lidocaine | for | cavity | .,0 0 0 3 0 1 0,O | O | O | B-Chemical | O | B-Disease | O
train,The patient has infection and was started on fluoride .,The | patient | has | infection | and | was | started | on | fluoride | .,0 0 0 1 0 0 0 0 3 0,O | O | O | B-Disease | O | O | O | O | B-Chemical | O
train,"Diagnosis of dental caries confirmed , acetaminophen recommended .","Diagnosis | of | dental | caries | confirmed | , | acetaminophen | recommended | .",0 0 1 2 0 0 3 0 0,O | O | B-Disease | I-Disease | O | O | B-Chemical | O | O
train,Treatment for periodontitis includes naproxen .,Treatment | for | periodontitis | includes | naproxen | .,0 0 1 0 3 0,O | O | B-Disease | O | B-Chemical | O
train,Lidocaine was administered for infection .,Lidocaine | was | administered | for | infection | .,0 0 0 0 1 0,O | O | O | O | B-Disease | O
train,Prescribed clindamycin to manage cavity .,Prescribed | clindamycin | to | manage | cavity | .,0 3 0 0 1 0,O | B-Chemical | O | O | B-Disease | O
train,Prescribed fluoride to manage caries .,Prescribed | fluoride | to | manage | caries | .,0 3 0 0 1 0,O | B-Chemical | O | O | B-Disease | O
train,Treatment for gingivitis includes fluoride .,Treatment | for | gingivitis | includes | fluoride | .,0 0 1 0 3 0,O | O | B-Disease | O | B-Chemical | O
train,Amoxicillin was administered for cavity .,Amoxicillin | was | administered | for | cavity | .,0 0 0 0 1 0,O | O | O | O | B-Disease | O
train,Treatment for caries includes clindamycin .,Treatment | for | caries | includes | clindamycin | .,0 0 1 0 3 0,O | O | B-Disease | O | B-Chemical | O
train,Patient was prescribed chlorhexidine for tooth decay .,Patient | was | prescribed | chlorhexidine | for | tooth | decay | .,0 0 0 3 0 1 2 0,O | O | O | B-Chemical | O | B-Disease | I-Disease | O
train,The patient has gingivitis and was started on amoxicillin .,The | patient | has | gingivitis | and | was | started | on | amoxicillin | .,0 0 0 1 0 0 0 0 3 0,O | O | O | B-Disease | O | O | O | O | B-Chemical | O
train,Acetaminophen was administered for sensitivity .,Acetaminophen | was | administered | for | sensitivity | .,0 0 0 0 1 0,O | O | O | O | B-Disease | O
train,"Patient reports inflammation , metronidazole prescribed .","Patient | reports | inflammation | , | metronidazole | prescribed | .",0 0 1 0 3 0 0,O | O | B-Disease | O | B-Chemical | O | O
train,The patient has cavity and was started on ibuprofen .,The | patient | has | cavity | and | was | started | on | ibuprofen | .,0 0 0 1 0 0 0 0 3 0,O | O | O | B-Disease | O | O | O | O | B-Chemical | O
train,Patient was prescribed lidocaine for caries .,Patient | was | prescribed | lidocaine | for | caries | .,0 0 0 3 0 1 0,O | O | O | B-Chemical | O | B-Disease | O
train,Ibuprofen was administered for tooth decay .,Ibuprofen | was | administered | for | tooth | decay | .,0 0 0 0 1 2 0,O | O | O | O | B-Disease | I-Disease | O
train,Prescribed clindamycin to manage oral infection .,Prescribed | clindamycin | to | manage | oral | infection | .,0 3 0 0 1 2 0,O | B-Chemical | O | O | B-Disease | I-Disease | O
train,The patient has tooth loss and was started on amoxicillin .,The | patient | has | tooth | loss | and | was | started | on | amoxicillin | .,0 0 0 1 2 0 0 0 0 3 0,O | O | O | B-Disease | I-Disease | O | O | O | O | B-Chemical | O
train,Amoxicillin was administered for toothache .,Amoxicillin | was | administered | for | toothache | .,0 0 0 0 1 0,O | O | O | O | B-Disease | O
train,"Patient reports caries , acetaminophen prescribed .","Patient | reports | caries | , | acetaminophen | prescribed | .",0 0 1 0 3 0 0,O | O | B-Disease | O | B-Chemical | O | O
train,Penicillin was administered for cavity .,Penicillin | was | administered | for | cavity | .,0 0 0 0 1 0,O | O | O | O | B-Disease | O
train,Treatment for inflammation includes amoxicillin .,Treatment | for | inflammation | includes | amoxicillin | .,0 0 1 0 3 0,O | O | B-Disease | O | B-Chemical | O
train,Prescribed fluoride to manage caries .,Prescribed | fluoride | to | manage | caries | .,0 3 0 0 1 0,O | B-Chemical | O | O | B-Disease | O
train,"Diagnosis of sensitivity confirmed , lidocaine recommended .","Diagnosis | of | sensitivity | confirmed | , | lidocaine | recommended | .",0 0 1 0 0 3 0 0,O | O | B-Disease | O | O | B-Chemical | O | O
train,The patient has abscess and was started on naproxen .,The | patient | has | abscess | and | was | started | on | naproxen | .,0 0 0 1 0 0 0 0 3 0,O | O | O | B-Disease | O | O | O | O | B-Chemical | O
train,Patient was prescribed tetracycline for gingivitis .,Patient | was | prescribed | tetracycline | for | gingivitis | .,0 0 0 3 0 1 0,O | O | O | B-Chemical | O | B-Disease | O
train,Prescribed aspirin to manage gum disease .,Prescribed | aspirin | to | manage | gum | disease | .,0 3 0 0 1 2 0,O | B-Chemical | O | O | B-Disease | I-Disease | O
train,Prescribed chlorhexidine to manage gum disease .,Prescribed | chlorhexidine | to | manage | gum | disease | .,0 3 0 0 1 2 0,O | B-Chemical | O | O | B-Disease | I-Disease | O
train,Fluoride was administered for sensitivity .,Fluoride | was | administered | for | sensitivity | .,0 0 0 0 1 0,O | O | O | O | B-Disease | O
train,The patient has dental caries and was started on metronidazole .,The | patient | has | dental | caries | and | was | started | on | metronidazole | .,0 0 0 1 2 0 0 0 0 3 0,O | O | O | B-Disease | I-Disease | O | O | O | O | B-Chemical | O
train,"Patient reports inflammation , chlorhexidine prescribed .","Patient | reports | inflammation | , | chlorhexidine | prescribed | .",0 0 1 0 3 0 0,O | O | B-Disease | O | B-Chemical | O | O
train,Treatment for tooth loss includes aspirin .,Treatment | for | tooth | loss | includes | aspirin | .,0 0 1 2 0 3 0,O | O | B-Disease | I-Disease | O | B-Chemical | O
train,Patient was prescribed fluoride for toothache .,Patient | was | prescribed | fluoride | for | toothache | .,0 0 0 3 0 1 0,O | O | O | B-Chemical | O | B-Disease | O
train,Tetracycline was administered for abscess .,Tetracycline | was | administered | for | abscess | .,0 0 0 0 1 0,O | O | O | O | B-Disease | O
train,Prescribed lidocaine to manage inflammation .,Prescribed | lidocaine | to | manage | inflammation | .,0 3 0 0 1 0,O | B-Chemical | O | O | B-Disease | O
train,"Diagnosis of tooth decay confirmed , fluoride recommended .","Diagnosis | of | tooth | decay | confirmed | , | fluoride | recommended | .",0 0 1 2 0 0 3 0 0,O | O | B-Disease | I-Disease | O | O | B-Chemical | O | O
train,Treatment for tooth loss includes clindamycin .,Treatment | for | tooth | loss | includes | clindamycin | .,0 0 1 2 0 3 0,O | O | B-Disease | I-Disease | O | B-Chemical | O
train,The patient has caries and was started on amoxicillin .,The | patient | has | caries | and | was | started | on | amoxicillin | .,0 0 0 1 0 0 0 0 3 0,O | O | O | B-Disease | O | O | O | O | B-Chemical | O
train,Prescribed clindamycin to manage oral infection .,Prescribed | clindamycin | to | manage | oral | infection | .,0 3 0 0 1 2 0,O | B-Chemical | O | O | B-Disease | I-Disease | O
train,Patient was prescribed aspirin for gingivitis .,Patient | was | prescribed | aspirin | for | gingivitis | .,0 0 0 3 0 1 0,O | O | O | B-Chemical | O | B-Disease | O
train,Prescribed acetaminophen to manage cavity .,Prescribed | acetaminophen | to | manage | cavity | .,0 3 0 0 1 0,O | B-Chemical | O | O | B-Disease | O
train,Prescribed clindamycin to manage infection .,Prescribed | clindamycin | to | manage | infection | .,0 3 0 0 1 0,O | B-Chemical | O | O | B-Disease | O
train,The patient has gum disease and was started on lidocaine .,The | patient | has | gum | disease | and | was | started | on | lidocaine | .,0 0 0 1 2 0 0 0 0 3 0,O | O | O | B-Disease | I-Disease | O | O | O | O | B-Chemical | O
train,"Diagnosis of abscess confirmed , amoxicillin recommended .","Diagnosis | of | abscess | confirmed | , | amoxicillin | recommended | .",0 0 1 0 0 3 0 0,O | O | B-Disease | O | O | B-Chemical | O | O
train,"Diagnosis of abscess confirmed , ibuprofen recommended .","Diagnosis | of | abscess | confirmed | , | ibuprofen | recommended | .",0 0 1 0 0 3 0 0,O | O | B-Disease | O | O | B-Chemical | O | O
train,The patient has jaw pain and was started on fluoride .,The | patient | has | jaw | pain | and | was | started | on | fluoride | .,0 0 0 1 2 0 0 0 0 3 0,O | O | O | B-Disease | I-Disease | O | O | O | O | B-Chemical | O
train,"Patient reports tooth decay , metronidazole prescribed .","Patient | reports | tooth | decay | , | metronidazole | prescribed | .",0 0 1 2 0 3 0 0,O | O | B-Disease | I-Disease | O | B-Chemical | O | O
train,Treatment for oral infection includes chlorhexidine .,Treatment | for | oral | infection | includes | chlorhexidine | .,0 0 1 2 0 3 0,O | O | B-Disease | I-Disease | O | B-Chemical | O
train,The patient has gum disease and was started on metronidazole .,The | patient | has | gum | disease | and | was | started | on | metronidazole | .,0 0 0 1 2 0 0 0 0 3 0,O | O | O | B-Disease | I-Disease | O | O | O | O | B-Chemical | O
train,Patient was prescribed lidocaine for caries .,Patient | was | prescribed | lidocaine | for | caries | .,0 0 0 3 0 1 0,O | O | O | B-Chemical | O | B-Disease | O
train,Metronidazole was administered for sensitivity .,Metronidazole | was | administered | for | sensitivity | .,0 0 0 0 1 0,O | O | O | O | B-Disease | O
train,Patient was prescribed naproxen for abscess .,Patient | was | prescribed | naproxen | for | abscess | .,0 0 0 3 0 1 0,O | O | O | B-Chemical | O | B-Disease | O
train,"Diagnosis of infection confirmed , aspirin recommended .","Diagnosis | of | infection | confirmed | , | aspirin | recommended | .",0 0 1 0 0 3 0 0,O | O | B-Disease | O | O | B-Chemical | O | O
train,The patient has oral infection and was started on penicillin .,The | patient | has | oral | infection | and | was | started | on | penicillin | .,0 0 0 1 2 0 0 0 0 3 0,O | O | O | B-Disease | I-Disease | O | O | O | O | B-Chemical | O
train,"Diagnosis of sensitivity confirmed , fluoride recommended .","Diagnosis | of | sensitivity | confirmed | , | fluoride | recommended | .",0 0 1 0 0 3 0 0,O | O | B-Disease | O | O | B-Chemical | O | O
train,"Patient reports oral infection , chlorhexidine prescribed .","Patient | reports | oral | infection | , | chlorhexidine | prescribed | .",0 0 1 2 0 3 0 0,O | O | B-Disease | I-Disease | O | B-Chemical | O | O
train,Patient was prescribed naproxen for sensitivity .,Patient | was | prescribed | naproxen | for | sensitivity | .,0 0 0 3 0 1 0,O | O | O | B-Chemical | O | B-Disease | O
train,"Diagnosis of dental caries confirmed , tetracycline recommended .","Diagnosis | of | dental | caries | confirmed | , | tetracycline | recommended | .",0 0 1 2 0 0 3 0 0,O | O | B-Disease | I-Disease | O | O | B-Chemical | O | O
train,Prescribed lidocaine to manage tooth loss .,Prescribed | lidocaine | to | manage | tooth | loss | .,0 3 0 0 1 2 0,O | B-Chemical | O | O | B-Disease | I-Disease | O
train,"Patient reports tooth decay , clindamycin prescribed .","Patient | reports | tooth | decay | , | clindamycin | prescribed | .",0 0 1 2 0 3 0 0,O | O | B-Disease | I-Disease | O | B-Chemical | O | O
train,The patient has inflammation and was started on acetaminophen .,The | patient | has | inflammation | and | was | started | on | acetaminophen | .,0 0 0 1 0 0 0 0 3 0,O | O | O | B-Disease | O | O | O | O | B-Chemical | O
train,Penicillin was administered for tooth loss .,Penicillin | was | administered | for | tooth | loss | .,0 0 0 0 1 2 0,O | O | O | O | B-Disease | I-Disease | O
train,The patient has dental caries and was started on acetaminophen .,The | patient | has | dental | caries | and | was | started | on | acetaminophen | .,0 0 0 1 2 0 0 0 0 3 0,O | O | O | B-Disease | I-Disease | O | O | O | O | B-Chemical | O
train,"Patient reports infection , lidocaine prescribed .","Patient | reports | infection | , | lidocaine | prescribed | .",0 0 1 0 3 0 0,O | O | B-Disease | O | B-Chemical | O | O
train,Prescribed fluoride to manage abscess .,Prescribed | fluoride | to | manage | abscess | .,0 3 0 0 1 0,O | B-Chemical | O | O | B-Disease | O
train,Prescribed tetracycline to manage infection .,Prescribed | tetracycline | to | manage | infection | .,0 3 0 0 1 0,O | B-Chemical | O | O | B-Disease | O
train,The patient has infection and was started on ibuprofen .,The | patient | has | infection | and | was | started | on | ibuprofen | .,0 0 0 1 0 0 0 0 3 0,O | O | O | B-Disease | O | O | O | O | B-Chemical | O
train,"Diagnosis of jaw pain confirmed , ibuprofen recommended .","Diagnosis | of | jaw | pain | confirmed | , | ibuprofen | recommended | .",0 0 1 2 0 0 3 0 0,O | O | B-Disease | I-Disease | O | O | B-Chemical | O | O
train,The patient has jaw pain and was started on metronidazole .,The | patient | has | jaw | pain | and | was | started | on | metronidazole | .,0 0 0 1 2 0 0 0 0 3 0,O | O | O | B-Disease | I-Disease | O | O | O | O | B-Chemical | O
train,Patient was prescribed metronidazole for caries .,Patient | was | prescribed | metronidazole | for | caries | .,0 0 0 3 0 1 0,O | O | O | B-Chemical | O | B-Disease | O
train,Treatment for dental caries includes fluoride .,Treatment | for | dental | caries | includes | fluoride | .,0 0 1 2 0 3 0,O | O | B-Disease | I-Disease | O | B-Chemical | O
train,Treatment for toothache includes metronidazole .,Treatment | for | toothache | includes | metronidazole | .,0 0 1 0 3 0,O | O | B-Disease | O | B-Chemical | O
train,"Diagnosis of tooth loss confirmed , aspirin recommended .","Diagnosis | of | tooth | loss | confirmed | , | aspirin | recommended | .",0 0 1 2 0 0 3 0 0,O | O | B-Disease | I-Disease | O | O | B-Chemical | O | O
train,Tetracycline was administered for cavity .,Tetracycline | was | administered | for | cavity | .,0 0 0 0 1 0,O | O | O | O | B-Disease | O
train,"Diagnosis of tooth loss confirmed , tetracycline recommended .","Diagnosis | of | tooth | loss | confirmed | , | tetracycline | recommended | .",0 0 1 2 0 0 3 0 0,O | O | B-Disease | I-Disease | O | O | B-Chemical | O | O
train,Prescribed amoxicillin to manage dental caries .,Prescribed | amoxicillin | to | manage | dental | caries | .,0 3 0 0 1 2 0,O | B-Chemical | O | O | B-Disease | I-Disease | O
train,"Diagnosis of infection confirmed , ibuprofen recommended .","Diagnosis | of | infection | confirmed | , | ibuprofen | recommended | .",0 0 1 0 0 3 0 0,O | O | B-Disease | O | O | B-Chemical | O | O
train,Prescribed aspirin to manage infection .,Prescribed | aspirin | to | manage | infection | .,0 3 0 0 1 0,O | B-Chemical | O | O | B-Disease | O
train,The patient has oral infection and was started on acetaminophen .,The | patient | has | oral | infection | and | was | started | on | acetaminophen | .,0 0 0 1 2 0 0 0 0 3 0,O | O | O | B-Disease | I-Disease | O | O | O | O | B-Chemical | O
train,Treatment for infection includes acetaminophen .,Treatment | for | infection | includes | acetaminophen | .,0 0 1 0 3 0,O | O | B-Disease | O | B-Chemical | O
train,Aspirin was administered for gingivitis .,Aspirin | was | administered | for | gingivitis | .,0 0 0 0 1 0,O | O | O | O | B-Disease | O
train,"Diagnosis of periodontitis confirmed , metronidazole recommended .","Diagnosis | of | periodontitis | confirmed | , | metronidazole | recommended | .",0 0 1 0 0 3 0 0,O | O | B-Disease | O | O | B-Chemical | O | O
train,Fluoride was administered for tooth decay .,Fluoride | was | administered | for | tooth | decay | .,0 0 0 0 1 2 0,O | O | O | O | B-Disease | I-Disease | O
train,The patient has tooth loss and was started on chlorhexidine .,The | patient | has | tooth | loss | and | was | started | on | chlorhexidine | .,0 0 0 1 2 0 0 0 0 3 0,O | O | O | B-Disease | I-Disease | O | O | O | O | B-Chemical | O
train,Prescribed acetaminophen to manage caries .,Prescribed | acetaminophen | to | manage | caries | .,0 3 0 0 1 0,O | B-Chemical | O | O | B-Disease | O
train,The patient has gum disease and was started on acetaminophen .,The | patient | has | gum | disease | and | was | started | on | acetaminophen | .,0 0 0 1 2 0 0 0 0 3 0,O | O | O | B-Disease | I-Disease | O | O | O | O | B-Chemical | O
train,The patient has sensitivity and was started on chlorhexidine .,The | patient | has | sensitivity | and | was | started | on | chlorhexidine | .,0 0 0 1 0 0 0 0 3 0,O | O | O | B-Disease | O | O | O | O | B-Chemical | O
train,"Patient reports sensitivity , acetaminophen prescribed .","Patient | reports | sensitivity | , | acetaminophen | prescribed | .",0 0 1 0 3 0 0,O | O | B-Disease | O | B-Chemical | O | O
train,"Patient reports tooth decay , chlorhexidine prescribed .","Patient | reports | tooth | decay | , | chlorhexidine | prescribed | .",0 0 1 2 0 3 0 0,O | O | B-Disease | I-Disease | O | B-Chemical | O | O
train,Treatment for gum disease includes fluoride .,Treatment | for | gum | disease | includes | fluoride | .,0 0 1 2 0 3 0,O | O | B-Disease | I-Disease | O | B-Chemical | O
train,Prescribed tetracycline to manage cavity .,Prescribed | tetracycline | to | manage | cavity | .,0 3 0 0 1 0,O | B-Chemical | O | O | B-Disease | O
train,Prescribed penicillin to manage jaw pain .,Prescribed | penicillin | to | manage | jaw | pain | .,0 3 0 0 1 2 0,O | B-Chemical | O | O | B-Disease | I-Disease | O
train,Patient was prescribed chlorhexidine for caries .,Patient | was | prescribed | chlorhexidine | for | caries | .,0 0 0 3 0 1 0,O | O | O | B-Chemical | O | B-Disease | O
train,Prescribed chlorhexidine to manage sensitivity .,Prescribed | chlorhexidine | to | manage | sensitivity | .,0 3 0 0 1 0,O | B-Chemical | O | O | B-Disease | O
train,Treatment for caries includes tetracycline .,Treatment | for | caries | includes | tetracycline | .,0 0 1 0 3 0,O | O | B-Disease | O | B-Chemical | O
train,Fluoride was administered for tooth decay .,Fluoride | was | administered | for | tooth | decay | .,0 0 0 0 1 2 0,O | O | O | O | B-Disease | I-Disease | O
train,Penicillin was administered for gingivitis .,Penicillin | was | administered | for | gingivitis | .,0 0 0 0 1 0,O | O | O | O | B-Disease | O
train,"Diagnosis of cavity confirmed , aspirin recommended .","Diagnosis | of | cavity | confirmed | , | aspirin | recommended | .",0 0 1 0 0 3 0 0,O | O | B-Disease | O | O | B-Chemical | O | O
train,"Patient reports toothache , penicillin prescribed .","Patient | reports | toothache | , | penicillin | prescribed | .",0 0 1 0 3 0 0,O | O | B-Disease | O | B-Chemical | O | O
train,"Patient reports toothache , naproxen prescribed .","Patient | reports | toothache | , | naproxen | prescribed | .",0 0 1 0 3 0 0,O | O | B-Disease | O | B-Chemical | O | O
train,The patient has periodontitis and was started on amoxicillin .,The | patient | has | periodontitis | and | was | started | on | amoxicillin | .,0 0 0 1 0 0 0 0 3 0,O | O | O | B-Disease | O | O | O | O | B-Chemical | O
train,Patient was prescribed tetracycline for caries .,Patient | was | prescribed | tetracycline | for | caries | .,0 0 0 3 0 1 0,O | O | O | B-Chemical | O | B-Disease | O
train,Patient was prescribed clindamycin for abscess .,Patient | was | prescribed | clindamycin | for | abscess | .,0 0 0 3 0 1 0,O | O | O | B-Chemical | O | B-Disease | O
train,"Patient reports tooth decay , fluoride prescribed .","Patient | reports | tooth | decay | , | fluoride | prescribed | .",0 0 1 2 0 3 0 0,O | O | B-Disease | I-Disease | O | B-Chemical | O | O
train,The patient has infection and was started on tetracycline .,The | patient | has | infection | and | was | started | on | tetracycline | .,0 0 0 1 0 0 0 0 3 0,O | O | O | B-Disease | O | O | O | O | B-Chemical | O
train,Prescribed lidocaine to manage dental caries .,Prescribed | lidocaine | to | manage | dental | caries | .,0 3 0 0 1 2 0,O | B-Chemical | O | O | B-Disease | I-Disease | O
train,Treatment for sensitivity includes metronidazole .,Treatment | for | sensitivity | includes | metronidazole | .,0 0 1 0 3 0,O | O | B-Disease | O | B-Chemical | O
train,Prescribed naproxen to manage periodontitis .,Prescribed | naproxen | to | manage | periodontitis | .,0 3 0 0 1 0,O | B-Chemical | O | O | B-Disease | O
train,Metronidazole was administered for inflammation .,Metronidazole | was | administered | for | inflammation | .,0 0 0 0 1 0,O | O | O | O | B-Disease | O
train,Prescribed aspirin to manage gingivitis .,Prescribed | aspirin | to | manage | gingivitis | .,0 3 0 0 1 0,O | B-Chemical | O | O | B-Disease | O
train,Patient was prescribed lidocaine for cavity .,Patient | was | prescribed | lidocaine | for | cavity | .,0 0 0 3 0 1 0,O | O | O | B-Chemical | O | B-Disease | O
train,Patient was prescribed penicillin for toothache .,Patient | was | prescribed | penicillin | for | toothache | .,0 0 0 3 0 1 0,O | O | O | B-Chemical | O | B-Disease | O
train,The patient has gum disease and was started on naproxen .,The | patient | has | gum | disease | and | was | started | on | naproxen | .,0 0 0 1 2 0 0 0 0 3 0,O | O | O | B-Disease | I-Disease | O | O | O | O | B-Chemical | O
train,"Diagnosis of caries confirmed , tetracycline recommended .","Diagnosis | of | caries | confirmed | , | tetracycline | recommended | .",0 0 1 0 0 3 0 0,O | O | B-Disease | O | O | B-Chemical | O | O
train,Treatment for tooth loss includes acetaminophen .,Treatment | for | tooth | loss | includes | acetaminophen | .,0 0 1 2 0 3 0,O | O | B-Disease | I-Disease | O | B-Chemical | O
train,Prescribed naproxen to manage dental caries .,Prescribed | naproxen | to | manage | dental | caries | .,0 3 0 0 1 2 0,O | B-Chemical | O | O | B-Disease | I-Disease | O
train,Prescribed naproxen to manage sensitivity .,Prescribed | naproxen | to | manage | sensitivity | .,0 3 0 0 1 0,O | B-Chemical | O | O | B-Disease | O
train,"Diagnosis of infection confirmed , penicillin recommended .","Diagnosis | of | infection | confirmed | , | penicillin | recommended | .",0 0 1 0 0 3 0 0,O | O | B-Disease | O | O | B-Chemical | O | O
train,"Diagnosis of gingivitis confirmed , naproxen recommended .","Diagnosis | of | gingivitis | confirmed | , | naproxen | recommended | .",0 0 1 0 0 3 0 0,O | O | B-Disease | O | O | B-Chemical | O | O
train,Clindamycin was administered for oral infection .,Clindamycin | was | administered | for | oral | infection | .,0 0 0 0 1 2 0,O | O | O | O | B-Disease | I-Disease | O
train,Patient was prescribed fluoride for periodontitis .,Patient | was | prescribed | fluoride | for | periodontitis | .,0 0 0 3 0 1 0,O | O | O | B-Chemical | O | B-Disease | O
train,"Diagnosis of toothache confirmed , tetracycline recommended .","Diagnosis | of | toothache | confirmed | , | tetracycline | recommended | .",0 0 1 0 0 3 0 0,O | O | B-Disease | O | O | B-Chemical | O | O
train,"Patient reports sensitivity , amoxicillin prescribed .","Patient | reports | sensitivity | , | amoxicillin | prescribed | .",0 0 1 0 3 0 0,O | O | B-Disease | O | B-Chemical | O | O
train,Patient was prescribed fluoride for abscess .,Patient | was | prescribed | fluoride | for | abscess | .,0 0 0 3 0 1 0,O | O | O | B-Chemical | O | B-Disease | O
train,"Patient reports dental caries , amoxicillin prescribed .","Patient | reports | dental | caries | , | amoxicillin | prescribed | .",0 0 1 2 0 3 0 0,O | O | B-Disease | I-Disease | O | B-Chemical | O | O
train,Patient was prescribed penicillin for toothache .,Patient | was | prescribed | penicillin | for | toothache | .,0 0 0 3 0 1 0,O | O | O | B-Chemical | O | B-Disease | O
train,"Patient reports tooth loss , ibuprofen prescribed .","Patient | reports | tooth | loss | , | ibuprofen | prescribed | .",0 0 1 2 0 3 0 0,O | O | B-Disease | I-Disease | O | B-Chemical | O | O
train,Chlorhexidine was administered for inflammation .,Chlorhexidine | was | administered | for | inflammation | .,0 0 0 0 1 0,O | O | O | O | B-Disease | O
train,Prescribed metronidazole to manage toothache .,Prescribed | metronidazole | to | manage | toothache | .,0 3 0 0 1 0,O | B-Chemical | O | O | B-Disease | O
train,The patient has periodontitis and was started on chlorhexidine .,The | patient | has | periodontitis | and | was | started | on | chlorhexidine | .,0 0 0 1 0 0 0 0 3 0,O | O | O | B-Disease | O | O | O | O | B-Chemical | O
train,Prescribed acetaminophen to manage cavity .,Prescribed | acetaminophen | to | manage | cavity | .,0 3 0 0 1 0,O | B-Chemical | O | O | B-Disease | O
train,"Patient reports toothache , naproxen prescribed .","Patient | reports | toothache | , | naproxen | prescribed | .",0 0 1 0 3 0 0,O | O | B-Disease | O | B-Chemical | O | O
train,The patient has caries and was started on aspirin .,The | patient | has | caries | and | was | started | on | aspirin | .,0 0 0 1 0 0 0 0 3 0,O | O | O | B-Disease | O | O | O | O | B-Chemical | O
train,The patient has gingivitis and was started on clindamycin .,The | patient | has | gingivitis | and | was | started | on | clindamycin | .,0 0 0 1 0 0 0 0 3 0,O | O | O | B-Disease | O | O | O | O | B-Chemical | O
train,"Patient reports caries , amoxicillin prescribed .","Patient | reports | caries | , | amoxicillin | prescribed | .",0 0 1 0 3 0 0,O | O | B-Disease | O | B-Chemical | O | O
train,"Patient reports abscess , metronidazole prescribed .","Patient | reports | abscess | , | metronidazole | prescribed | .",0 0 1 0 3 0 0,O | O | B-Disease | O | B-Chemical | O | O
train,Treatment for gingivitis includes aspirin .,Treatment | for | gingivitis | includes | aspirin | .,0 0 1 0 3 0,O | O | B-Disease | O | B-Chemical | O
train,The patient has gum disease and was started on acetaminophen .,The | patient | has | gum | disease | and | was | started | on | acetaminophen | .,0 0 0 1 2 0 0 0 0 3 0,O | O | O | B-Disease | I-Disease | O | O | O | O | B-Chemical | O
train,Patient was prescribed ibuprofen for sensitivity .,Patient | was | prescribed | ibuprofen | for | sensitivity | .,0 0 0 3 0 1 0,O | O | O | B-Chemical | O | B-Disease | O
train,Prescribed fluoride to manage oral infection .,Prescribed | fluoride | to | manage | oral | infection | .,0 3 0 0 1 2 0,O | B-Chemical | O | O | B-Disease | I-Disease | O
train,"Diagnosis of periodontitis confirmed , penicillin recommended .","Diagnosis | of | periodontitis | confirmed | , | penicillin | recommended | .",0 0 1 0 0 3 0 0,O | O | B-Disease | O | O | B-Chemical | O | O
train,"Patient reports infection , tetracycline prescribed .","Patient | reports | infection | , | tetracycline | prescribed | .",0 0 1 0 3 0 0,O | O | B-Disease | O | B-Chemical | O | O
train,"Patient reports jaw pain , fluoride prescribed .","Patient | reports | jaw | pain | , | fluoride | prescribed | .",0 0 1 2 0 3 0 0,O | O | B-Disease | I-Disease | O | B-Chemical | O | O
train,Prescribed lidocaine to manage toothache .,Prescribed | lidocaine | to | manage | toothache | .,0 3 0 0 1 0,O | B-Chemical | O | O | B-Disease | O
train,Lidocaine was administered for gum disease .,Lidocaine | was | administered | for | gum | disease | .,0 0 0 0 1 2 0,O | O | O | O | B-Disease | I-Disease | O
train,"Patient reports abscess , tetracycline prescribed .","Patient | reports | abscess | , | tetracycline | prescribed | .",0 0 1 0 3 0 0,O | O | B-Disease | O | B-Chemical | O | O
train,Ibuprofen was administered for infection .,Ibuprofen | was | administered | for | infection | .,0 0 0 0 1 0,O | O | O | O | B-Disease | O
train,Penicillin was administered for sensitivity .,Penicillin | was | administered | for | sensitivity | .,0 0 0 0 1 0,O | O | O | O | B-Disease | O
train,Prescribed ibuprofen to manage gingivitis .,Prescribed | ibuprofen | to | manage | gingivitis | .,0 3 0 0 1 0,O | B-Chemical | O | O | B-Disease | O
train,Clindamycin was administered for tooth loss .,Clindamycin | was | administered | for | tooth | loss | .,0 0 0 0 1 2 0,O | O | O | O | B-Disease | I-Disease | O
train,"Patient reports dental caries , tetracycline prescribed .","Patient | reports | dental | caries | , | tetracycline | prescribed | .",0 0 1 2 0 3 0 0,O | O | B-Disease | I-Disease | O | B-Chemical | O | O
train,"Patient reports cavity , ibuprofen prescribed .","Patient | reports | cavity | , | ibuprofen | prescribed | .",0 0 1 0 3 0 0,O | O | B-Disease | O | B-Chemical | O | O
train,Treatment for jaw pain includes metronidazole .,Treatment | for | jaw | pain | includes | metronidazole | .,0 0 1 2 0 3 0,O | O | B-Disease | I-Disease | O | B-Chemical | O
train,"Diagnosis of inflammation confirmed , metronidazole recommended .","Diagnosis | of | inflammation | confirmed | , | metronidazole | recommended | .",0 0 1 0 0 3 0 0,O | O | B-Disease | O | O | B-Chemical | O | O
train,The patient has tooth loss and was started on tetracycline .,The | patient | has | tooth | loss | and | was | started | on | tetracycline | .,0 0 0 1 2 0 0 0 0 3 0,O | O | O | B-Disease | I-Disease | O | O | O | O | B-Chemical | O
train,The patient has inflammation and was started on ibuprofen .,The | patient | has | inflammation | and | was | started | on | ibuprofen | .,0 0 0 1 0 0 0 0 3 0,O | O | O | B-Disease | O | O | O | O | B-Chemical | O
train,Prescribed lidocaine to manage gum disease .,Prescribed | lidocaine | to | manage | gum | disease | .,0 3 0 0 1 2 0,O | B-Chemical | O | O | B-Disease | I-Disease | O
train,The patient has infection and was started on ibuprofen .,The | patient | has | infection | and | was | started | on | ibuprofen | .,0 0 0 1 0 0 0 0 3 0,O | O | O | B-Disease | O | O | O | O | B-Chemical | O
train,Prescribed metronidazole to manage inflammation .,Prescribed | metronidazole | to | manage | inflammation | .,0 3 0 0 1 0,O | B-Chemical | O | O | B-Disease | O
train,Fluoride was administered for gingivitis .,Fluoride | was | administered | for | gingivitis | .,0 0 0 0 1 0,O | O | O | O | B-Disease | O
train,"Patient reports sensitivity , acetaminophen prescribed .","Patient | reports | sensitivity | , | acetaminophen | prescribed | .",0 0 1 0 3 0 0,O | O | B-Disease | O | B-Chemical | O | O
train,Acetaminophen was administered for toothache .,Acetaminophen | was | administered | for | toothache | .,0 0 0 0 1 0,O | O | O | O | B-Disease | O
train,The patient has dental caries and was started on penicillin .,The | patient | has | dental | caries | and | was | started | on | penicillin | .,0 0 0 1 2 0 0 0 0 3 0,O | O | O | B-Disease | I-Disease | O | O | O | O | B-Chemical | O
train,The patient has tooth loss and was started on ibuprofen .,The | patient | has | tooth | loss | and | was | started | on | ibuprofen | .,0 0 0 1 2 0 0 0 0 3 0,O | O | O | B-Disease | I-Disease | O | O | O | O | B-Chemical | O
train,The patient has abscess and was started on acetaminophen .,The | patient | has | abscess | and | was | started | on | acetaminophen | .,0 0 0 1 0 0 0 0 3 0,O | O | O | B-Disease | O | O | O | O | B-Chemical | O
train,The patient has toothache and was started on aspirin .,The | patient | has | toothache | and | was | started | on | aspirin | .,0 0 0 1 0 0 0 0 3 0,O | O | O | B-Disease | O | O | O | O | B-Chemical | O
train,Prescribed aspirin to manage caries .,Prescribed | aspirin | to | manage | caries | .,0 3 0 0 1 0,O | B-Chemical | O | O | B-Disease | O
train,Patient was prescribed acetaminophen for jaw pain .,Patient | was | prescribed | acetaminophen | for | jaw | pain | .,0 0 0 3 0 1 2 0,O | O | O | B-Chemical | O | B-Disease | I-Disease | O
train,Patient was prescribed penicillin for periodontitis .,Patient | was | prescribed | penicillin | for | periodontitis | .,0 0 0 3 0 1 0,O | O | O | B-Chemical | O | B-Disease | O
train,Prescribed tetracycline to manage jaw pain .,Prescribed | tetracycline | to | manage | jaw | pain | .,0 3 0 0 1 2 0,O | B-Chemical | O | O | B-Disease | I-Disease | O
train,"Diagnosis of tooth loss confirmed , ibuprofen recommended .","Diagnosis | of | tooth | loss | confirmed | , | ibuprofen | recommended | .",0 0 1 2 0 0 3 0 0,O | O | B-Disease | I-Disease | O | O | B-Chemical | O | O
train,Prescribed amoxicillin to manage dental caries .,Prescribed | amoxicillin | to | manage | dental | caries | .,0 3 0 0 1 2 0,O | B-Chemical | O | O | B-Disease | I-Disease | O
train,"Diagnosis of tooth decay confirmed , clindamycin recommended .","Diagnosis | of | tooth | decay | confirmed | , | clindamycin | recommended | .",0 0 1 2 0 0 3 0 0,O | O | B-Disease | I-Disease | O | O | B-Chemical | O | O
train,Patient was prescribed naproxen for tooth loss .,Patient | was | prescribed | naproxen | for | tooth | loss | .,0 0 0 3 0 1 2 0,O | O | O | B-Chemical | O | B-Disease | I-Disease | O
train,Patient was prescribed fluoride for dental caries .,Patient | was | prescribed | fluoride | for | dental | caries | .,0 0 0 3 0 1 2 0,O | O | O | B-Chemical | O | B-Disease | I-Disease | O
train,Prescribed acetaminophen to manage inflammation .,Prescribed | acetaminophen | to | manage | inflammation | .,0 3 0 0 1 0,O | B-Chemical | O | O | B-Disease | O
train,"Diagnosis of infection confirmed , lidocaine recommended .","Diagnosis | of | infection | confirmed | , | lidocaine | recommended | .",0 0 1 0 0 3 0 0,O | O | B-Disease | O | O | B-Chemical | O | O
train,"Diagnosis of abscess confirmed , lidocaine recommended .","Diagnosis | of | abscess | confirmed | , | lidocaine | recommended | .",0 0 1 0 0 3 0 0,O | O | B-Disease | O | O | B-Chemical | O | O
train,Patient was prescribed amoxicillin for tooth decay .,Patient | was | prescribed | amoxicillin | for | tooth | decay | .,0 0 0 3 0 1 2 0,O | O | O | B-Chemical | O | B-Disease | I-Disease | O
train,Prescribed tetracycline to manage dental caries .,Prescribed | tetracycline | to | manage | dental | caries | .,0 3 0 0 1 2 0,O | B-Chemical | O | O | B-Disease | I-Disease | O
train,Treatment for jaw pain includes penicillin .,Treatment | for | jaw | pain | includes | penicillin | .,0 0 1 2 0 3 0,O | O | B-Disease | I-Disease | O | B-Chemical | O
train,"Patient reports tooth loss , tetracycline prescribed .","Patient | reports | tooth | loss | , | tetracycline | prescribed | .",0 0 1 2 0 3 0 0,O | O | B-Disease | I-Disease | O | B-Chemical | O | O
train,The patient has jaw pain and was started on aspirin .,The | patient | has | jaw | pain | and | was | started | on | aspirin | .,0 0 0 1 2 0 0 0 0 3 0,O | O | O | B-Disease | I-Disease | O | O | O | O | B-Chemical | O
train,Fluoride was administered for cavity .,Fluoride | was | administered | for | cavity | .,0 0 0 0 1 0,O | O | O | O | B-Disease | O
train,Treatment for oral infection includes ibuprofen .,Treatment | for | oral | infection | includes | ibuprofen | .,0 0 1 2 0 3 0,O | O | B-Disease | I-Disease | O | B-Chemical | O
train,Treatment for jaw pain includes metronidazole .,Treatment | for | jaw | pain | includes | metronidazole | .,0 0 1 2 0 3 0,O | O | B-Disease | I-Disease | O | B-Chemical | O
train,The patient has infection and was started on acetaminophen .,The | patient | has | infection | and | was | started | on | acetaminophen | .,0 0 0 1 0 0 0 0 3 0,O | O | O | B-Disease | O | O | O | O | B-Chemical | O
train,Naproxen was administered for caries .,Naproxen | was | administered | for | caries | .,0 0 0 0 1 0,O | O | O | O | B-Disease | O
train,Amoxicillin was administered for oral infection .,Amoxicillin | was | administered | for | oral | infection | .,0 0 0 0 1 2 0,O | O | O | O | B-Disease | I-Disease | O
train,Prescribed ibuprofen to manage oral infection .,Prescribed | ibuprofen | to | manage | oral | infection | .,0 3 0 0 1 2 0,O | B-Chemical | O | O | B-Disease | I-Disease | O
train,Metronidazole was administered for caries .,Metronidazole | was | administered | for | caries | .,0 0 0 0 1 0,O | O | O | O | B-Disease | O
train,Chlorhexidine was administered for dental caries .,Chlorhexidine | was | administered | for | dental | caries | .,0 0 0 0 1 2 0,O | O | O | O | B-Disease | I-Disease | O
train,Patient was prescribed metronidazole for tooth decay .,Patient | was | prescribed | metronidazole | for | tooth | decay | .,0 0 0 3 0 1 2 0,O | O | O | B-Chemical | O | B-Disease | I-Disease | O
train,The patient has inflammation and was started on aspirin .,The | patient | has | inflammation | and | was | started | on | aspirin | .,0 0 0 1 0 0 0 0 3 0,O | O | O | B-Disease | O | O | O | O | B-Chemical | O
train,"Diagnosis of jaw pain confirmed , clindamycin recommended .","Diagnosis | of | jaw | pain | confirmed | , | clindamycin | recommended | .",0 0 1 2 0 0 3 0 0,O | O | B-Disease | I-Disease | O | O | B-Chemical | O | O
train,"Diagnosis of infection confirmed , ibuprofen recommended .","Diagnosis | of | infection | confirmed | , | ibuprofen | recommended | .",0 0 1 0 0 3 0 0,O | O | B-Disease | O | O | B-Chemical | O | O
train,Treatment for gingivitis includes fluoride .,Treatment | for | gingivitis | includes | fluoride | .,0 0 1 0 3 0,O | O | B-Disease | O | B-Chemical | O
train,Treatment for toothache includes chlorhexidine .,Treatment | for | toothache | includes | chlorhexidine | .,0 0 1 0 3 0,O | O | B-Disease | O | B-Chemical | O
train,Prescribed tetracycline to manage tooth decay .,Prescribed | tetracycline | to | manage | tooth | decay | .,0 3 0 0 1 2 0,O | B-Chemical | O | O | B-Disease | I-Disease | O
train,Patient was prescribed penicillin for gum disease .,Patient | was | prescribed | penicillin | for | gum | disease | .,0 0 0 3 0 1 2 0,O | O | O | B-Chemical | O | B-Disease | I-Disease | O
train,"Patient reports caries , acetaminophen prescribed .","Patient | reports | caries | , | acetaminophen | prescribed | .",0 0 1 0 3 0 0,O | O | B-Disease | O | B-Chemical | O | O
train,Prescribed amoxicillin to manage jaw pain .,Prescribed | amoxicillin | to | manage | jaw | pain | .,0 3 0 0 1 2 0,O | B-Chemical | O | O | B-Disease | I-Disease | O
train,"Diagnosis of oral infection confirmed , acetaminophen recommended .","Diagnosis | of | oral | infection | confirmed | , | acetaminophen | recommended | .",0 0 1 2 0 0 3 0 0,O | O | B-Disease | I-Disease | O | O | B-Chemical | O | O
train,Prescribed metronidazole to manage abscess .,Prescribed | metronidazole | to | manage | abscess | .,0 3 0 0 1 0,O | B-Chemical | O | O | B-Disease | O
train,"Diagnosis of tooth loss confirmed , chlorhexidine recommended .","Diagnosis | of | tooth | loss | confirmed | , | chlorhexidine | recommended | .",0 0 1 2 0 0 3 0 0,O | O | B-Disease | I-Disease | O | O | B-Chemical | O | O
train,Treatment for periodontitis includes chlorhexidine .,Treatment | for | periodontitis | includes | chlorhexidine | .,0 0 1 0 3 0,O | O | B-Disease | O | B-Chemical | O
train,Patient was prescribed naproxen for tooth decay .,Patient | was | prescribed | naproxen | for | tooth | decay | .,0 0 0 3 0 1 2 0,O | O | O | B-Chemical | O | B-Disease | I-Disease | O
train,Patient was prescribed metronidazole for gum disease .,Patient | was | prescribed | metronidazole | for | gum | disease | .,0 0 0 3 0 1 2 0,O | O | O | B-Chemical | O | B-Disease | I-Disease | O
train,Prescribed naproxen to manage infection .,Prescribed | naproxen | to | manage | infection | .,0 3 0 0 1 0,O | B-Chemical | O | O | B-Disease | O
train,The patient has inflammation and was started on metronidazole .,The | patient | has | inflammation | and | was | started | on | metronidazole | .,0 0 0 1 0 0 0 0 3 0,O | O | O | B-Disease | O | O | O | O | B-Chemical | O
train,Patient was prescribed aspirin for abscess .,Patient | was | prescribed | aspirin | for | abscess | .,0 0 0 3 0 1 0,O | O | O | B-Chemical | O | B-Disease | O
train,Prescribed naproxen to manage gingivitis .,Prescribed | naproxen | to | manage | gingivitis | .,0 3 0 0 1 0,O | B-Chemical | O | O | B-Disease | O
train,Prescribed chlorhexidine to manage inflammation .,Prescribed | chlorhexidine | to | manage | inflammation | .,0 3 0 0 1 0,O | B-Chemical | O | O | B-Disease | O
validation,Patient was prescribed metronidazole for infection .,Patient | was | prescribed | metronidazole | for | infection | .,0 0 0 3 0 1 0,O | O | O | B-Chemical | O | B-Disease | O
validation,The patient has cavity and was started on naproxen .,The | patient | has | cavity | and | was | started | on | naproxen | .,0 0 0 1 0 0 0 0 3 0,O | O | O | B-Disease | O | O | O | O | B-Chemical | O
validation,Prescribed acetaminophen to manage abscess .,Prescribed | acetaminophen | to | manage | abscess | .,0 3 0 0 1 0,O | B-Chemical | O | O | B-Disease | O
validation,"Diagnosis of dental caries confirmed , naproxen recommended .","Diagnosis | of | dental | caries | confirmed | , | naproxen | recommended | .",0 0 1 2 0 0 3 0 0,O | O | B-Disease | I-Disease | O | O | B-Chemical | O | O
validation,Prescribed chlorhexidine to manage inflammation .,Prescribed | chlorhexidine | to | manage | inflammation | .,0 3 0 0 1 0,O | B-Chemical | O | O | B-Disease | O
validation,The patient has gum disease and was started on acetaminophen .,The | patient | has | gum | disease | and | was | started | on | acetaminophen | .,0 0 0 1 2 0 0 0 0 3 0,O | O | O | B-Disease | I-Disease | O | O | O | O | B-Chemical | O
validation,"Patient reports gum disease , lidocaine prescribed .","Patient | reports | gum | disease | , | lidocaine | prescribed | .",0 0 1 2 0 3 0 0,O | O | B-Disease | I-Disease | O | B-Chemical | O | O
validation,Patient was prescribed naproxen for jaw pain .,Patient | was | prescribed | naproxen | for | jaw | pain | .,0 0 0 3 0 1 2 0,O | O | O | B-Chemical | O | B-Disease | I-Disease | O
validation,"Diagnosis of sensitivity confirmed , lidocaine recommended .","Diagnosis | of | sensitivity | confirmed | , | lidocaine | recommended | .",0 0 1 0 0 3 0 0,O | O | B-Disease | O | O | B-Chemical | O | O
validation,The patient has sensitivity and was started on naproxen .,The | patient | has | sensitivity | and | was | started | on | naproxen | .,0 0 0 1 0 0 0 0 3 0,O | O | O | B-Disease | O | O | O | O | B-Chemical | O
validation,"Patient reports infection , tetracycline prescribed .","Patient | reports | infection | , | tetracycline | prescribed | .",0 0 1 0 3 0 0,O | O | B-Disease | O | B-Chemical | O | O
validation,Treatment for gum disease includes aspirin .,Treatment | for | gum | disease | includes | aspirin | .,0 0 1 2 0 3 0,O | O | B-Disease | I-Disease | O | B-Chemical | O
validation,Treatment for gingivitis includes lidocaine .,Treatment | for | gingivitis | includes | lidocaine | .,0 0 1 0 3 0,O | O | B-Disease | O | B-Chemical | O
validation,Prescribed tetracycline to manage caries .,Prescribed | tetracycline | to | manage | caries | .,0 3 0 0 1 0,O | B-Chemical | O | O | B-Disease | O
validation,"Patient reports gum disease , acetaminophen prescribed .","Patient | reports | gum | disease | , | acetaminophen | prescribed | .",0 0 1 2 0 3 0 0,O | O | B-Disease | I-Disease | O | B-Chemical | O | O
validation,"Patient reports infection , naproxen prescribed .","Patient | reports | infection | , | naproxen | prescribed | .",0 0 1 0 3 0 0,O | O | B-Disease | O | B-Chemical | O | O
validation,Metronidazole was administered for jaw pain .,Metronidazole | was | administered | for | jaw | pain | .,0 0 0 0 1 2 0,O | O | O | O | B-Disease | I-Disease | O
validation,Prescribed tetracycline to manage gingivitis .,Prescribed | tetracycline | to | manage | gingivitis | .,0 3 0 0 1 0,O | B-Chemical | O | O | B-Disease | O
validation,Patient was prescribed metronidazole for infection .,Patient | was | prescribed | metronidazole | for | infection | .,0 0 0 3 0 1 0,O | O | O | B-Chemical | O | B-Disease | O
validation,"Patient reports caries , tetracycline prescribed .","Patient | reports | caries | , | tetracycline | prescribed | .",0 0 1 0 3 0 0,O | O | B-Disease | O | B-Chemical | O | O
validation,Treatment for toothache includes amoxicillin .,Treatment | for | toothache | includes | amoxicillin | .,0 0 1 0 3 0,O | O | B-Disease | O | B-Chemical | O
validation,Prescribed metronidazole to manage sensitivity .,Prescribed | metronidazole | to | manage | sensitivity | .,0 3 0 0 1 0,O | B-Chemical | O | O | B-Disease | O
validation,Treatment for tooth decay includes amoxicillin .,Treatment | for | tooth | decay | includes | amoxicillin | .,0 0 1 2 0 3 0,O | O | B-Disease | I-Disease | O | B-Chemical | O
validation,The patient has dental caries and was started on ibuprofen .,The | patient | has | dental | caries | and | was | started | on | ibuprofen | .,0 0 0 1 2 0 0 0 0 3 0,O | O | O | B-Disease | I-Disease | O | O | O | O | B-Chemical | O
validation,"Diagnosis of gum disease confirmed , acetaminophen recommended .","Diagnosis | of | gum | disease | confirmed | , | acetaminophen | recommended | .",0 0 1 2 0 0 3 0 0,O | O | B-Disease | I-Disease | O | O | B-Chemical | O | O
validation,Prescribed lidocaine to manage dental caries .,Prescribed | lidocaine | to | manage | dental | caries | .,0 3 0 0 1 2 0,O | B-Chemical | O | O | B-Disease | I-Disease | O
validation,Treatment for jaw pain includes aspirin .,Treatment | for | jaw | pain | includes | aspirin | .,0 0 1 2 0 3 0,O | O | B-Disease | I-Disease | O | B-Chemical | O
validation,"Diagnosis of abscess confirmed , penicillin recommended .","Diagnosis | of | abscess | confirmed | , | penicillin | recommended | .",0 0 1 0 0 3 0 0,O | O | B-Disease | O | O | B-Chemical | O | O
validation,Fluoride was administered for caries .,Fluoride | was | administered | for | caries | .,0 0 0 0 1 0,O | O | O | O | B-Disease | O
validation,Treatment for gingivitis includes acetaminophen .,Treatment | for | gingivitis | includes | acetaminophen | .,0 0 1 0 3 0,O | O | B-Disease | O | B-Chemical | O
validation,"Diagnosis of caries confirmed , acetaminophen recommended .","Diagnosis | of | caries | confirmed | , | acetaminophen | recommended | .",0 0 1 0 0 3 0 0,O | O | B-Disease | O | O | B-Chemical | O | O
validation,Acetaminophen was administered for toothache .,Acetaminophen | was | administered | for | toothache | .,0 0 0 0 1 0,O | O | O | O | B-Disease | O
validation,Ibuprofen was administered for inflammation .,Ibuprofen | was | administered | for | inflammation | .,0 0 0 0 1 0,O | O | O | O | B-Disease | O
validation,"Diagnosis of gum disease confirmed , aspirin recommended .","Diagnosis | of | gum | disease | confirmed | , | aspirin | recommended | .",0 0 1 2 0 0 3 0 0,O | O | B-Disease | I-Disease | O | O | B-Chemical | O | O
validation,Treatment for caries includes metronidazole .,Treatment | for | caries | includes | metronidazole | .,0 0 1 0 3 0,O | O | B-Disease | O | B-Chemical | O
validation,Treatment for caries includes penicillin .,Treatment | for | caries | includes | penicillin | .,0 0 1 0 3 0,O | O | B-Disease | O | B-Chemical | O
validation,Prescribed naproxen to manage gingivitis .,Prescribed | naproxen | to | manage | gingivitis | .,0 3 0 0 1 0,O | B-Chemical | O | O | B-Disease | O
validation,Patient was prescribed metronidazole for inflammation .,Patient | was | prescribed | metronidazole | for | inflammation | .,0 0 0 3 0 1 0,O | O | O | B-Chemical | O | B-Disease | O
validation,"Patient reports gingivitis , aspirin prescribed .","Patient | reports | gingivitis | , | aspirin | prescribed | .",0 0 1 0 3 0 0,O | O | B-Disease | O | B-Chemical | O | O
validation,Treatment for tooth loss includes metronidazole .,Treatment | for | tooth | loss | includes | metronidazole | .,0 0 1 2 0 3 0,O | O | B-Disease | I-Disease | O | B-Chemical | O
validation,"Patient reports abscess , metronidazole prescribed .","Patient | reports | abscess | , | metronidazole | prescribed | .",0 0 1 0 3 0 0,O | O | B-Disease | O | B-Chemical | O | O
validation,Lidocaine was administered for cavity .,Lidocaine | was | administered | for | cavity | .,0 0 0 0 1 0,O | O | O | O | B-Disease | O
validation,Clindamycin was administered for tooth decay .,Clindamycin | was | administered | for | tooth | decay | .,0 0 0 0 1 2 0,O | O | O | O | B-Disease | I-Disease | O
validation,"Patient reports inflammation , clindamycin prescribed .","Patient | reports | inflammation | , | clindamycin | prescribed | .",0 0 1 0 3 0 0,O | O | B-Disease | O | B-Chemical | O | O
validation,"Patient reports jaw pain , clindamycin prescribed .","Patient | reports | jaw | pain | , | clindamycin | prescribed | .",0 0 1 2 0 3 0 0,O | O | B-Disease | I-Disease | O | B-Chemical | O | O
validation,Penicillin was administered for oral infection .,Penicillin | was | administered | for | oral | infection | .,0 0 0 0 1 2 0,O | O | O | O | B-Disease | I-Disease | O
validation,Patient was prescribed ibuprofen for jaw pain .,Patient | was | prescribed | ibuprofen | for | jaw | pain | .,0 0 0 3 0 1 2 0,O | O | O | B-Chemical | O | B-Disease | I-Disease | O
validation,Prescribed amoxicillin to manage sensitivity .,Prescribed | amoxicillin | to | manage | sensitivity | .,0 3 0 0 1 0,O | B-Chemical | O | O | B-Disease | O
validation,Treatment for dental caries includes metronidazole .,Treatment | for | dental | caries | includes | metronidazole | .,0 0 1 2 0 3 0,O | O | B-Disease | I-Disease | O | B-Chemical | O
validation,Treatment for infection includes acetaminophen .,Treatment | for | infection | includes | acetaminophen | .,0 0 1 0 3 0,O | O | B-Disease | O | B-Chemical | O
test,Prescribed metronidazole to manage jaw pain .,Prescribed | metronidazole | to | manage | jaw | pain | .,0 3 0 0 1 2 0,O | B-Chemical | O | O | B-Disease | I-Disease | O
test,Treatment for dental caries includes lidocaine .,Treatment | for | dental | caries | includes | lidocaine | .,0 0 1 2 0 3 0,O | O | B-Disease | I-Disease | O | B-Chemical | O
test,The patient has tooth decay and was started on tetracycline .,The | patient | has | tooth | decay | and | was | started | on | tetracycline | .,0 0 0 1 2 0 0 0 0 3 0,O | O | O | B-Disease | I-Disease | O | O | O | O | B-Chemical | O
test,Patient was prescribed naproxen for gingivitis .,Patient | was | prescribed | naproxen | for | gingivitis | .,0 0 0 3 0 1 0,O | O | O | B-Chemical | O | B-Disease | O
test,"Diagnosis of tooth loss confirmed , lidocaine recommended .","Diagnosis | of | tooth | loss | confirmed | , | lidocaine | recommended | .",0 0 1 2 0 0 3 0 0,O | O | B-Disease | I-Disease | O | O | B-Chemical | O | O
test,The patient has jaw pain and was started on fluoride .,The | patient | has | jaw | pain | and | was | started | on | fluoride | .,0 0 0 1 2 0 0 0 0 3 0,O | O | O | B-Disease | I-Disease | O | O | O | O | B-Chemical | O
test,Treatment for abscess includes amoxicillin .,Treatment | for | abscess | includes | amoxicillin | .,0 0 1 0 3 0,O | O | B-Disease | O | B-Chemical | O
test,Patient was prescribed metronidazole for tooth loss .,Patient | was | prescribed | metronidazole | for | tooth | loss | .,0 0 0 3 0 1 2 0,O | O | O | B-Chemical | O | B-Disease | I-Disease | O
test,Patient was prescribed chlorhexidine for tooth decay .,Patient | was | prescribed | chlorhexidine | for | tooth | decay | .,0 0 0 3 0 1 2 0,O | O | O | B-Chemical | O | B-Disease | I-Disease | O
test,Patient was prescribed lidocaine for gingivitis .,Patient | was | prescribed | lidocaine | for | gingivitis | .,0 0 0 3 0 1 0,O | O | O | B-Chemical | O | B-Disease | O
test,"Diagnosis of cavity confirmed , ibuprofen recommended .","Diagnosis | of | cavity | confirmed | , | ibuprofen | recommended | .",0 0 1 0 0 3 0 0,O | O | B-Disease | O | O | B-Chemical | O | O
test,Amoxicillin was administered for gum disease .,Amoxicillin | was | administered | for | gum | disease | .,0 0 0 0 1 2 0,O | O | O | O | B-Disease | I-Disease | O
test,"Patient reports jaw pain , acetaminophen prescribed .","Patient | reports | jaw | pain | , | acetaminophen | prescribed | .",0 0 1 2 0 3 0 0,O | O | B-Disease | I-Disease | O | B-Chemical | O | O
test,Ibuprofen was administered for jaw pain .,Ibuprofen | was | administered | for | jaw | pain | .,0 0 0 0 1 2 0,O | O | O | O | B-Disease | I-Disease | O
test,The patient has oral infection and was started on tetracycline .,The | patient | has | oral | infection | and | was | started | on | tetracycline | .,0 0 0 1 2 0 0 0 0 3 0,O | O | O | B-Disease | I-Disease | O | O | O | O | B-Chemical | O
test,Fluoride was administered for toothache .,Fluoride | was | administered | for | toothache | .,0 0 0 0 1 0,O | O | O | O | B-Disease | O
test,Patient was prescribed chlorhexidine for dental caries .,Patient | was | prescribed | chlorhexidine | for | dental | caries | .,0 0 0 3 0 1 2 0,O | O | O | B-Chemical | O | B-Disease | I-Disease | O
test,The patient has oral infection and was started on lidocaine .,The | patient | has | oral | infection | and | was | started | on | lidocaine | .,0 0 0 1 2 0 0 0 0 3 0,O | O | O | B-Disease | I-Disease | O | O | O | O | B-Chemical | O
test,The patient has toothache and was started on tetracycline .,The | patient | has | toothache | and | was | started | on | tetracycline | .,0 0 0 1 0 0 0 0 3 0,O | O | O | B-Disease | O | O | O | O | B-Chemical | O
test,"Patient reports cavity , penicillin prescribed .","Patient | reports | cavity | , | penicillin | prescribed | .",0 0 1 0 3 0 0,O | O | B-Disease | O | B-Chemical | O | O
test,Penicillin was administered for oral infection .,Penicillin | was | administered | for | oral | infection | .,0 0 0 0 1 2 0,O | O | O | O | B-Disease | I-Disease | O
test,Treatment for gingivitis includes naproxen .,Treatment | for | gingivitis | includes | naproxen | .,0 0 1 0 3 0,O | O | B-Disease | O | B-Chemical | O
test,The patient has toothache and was started on clindamycin .,The | patient | has | toothache | and | was | started | on | clindamycin | .,0 0 0 1 0 0 0 0 3 0,O | O | O | B-Disease | O | O | O | O | B-Chemical | O
test,Treatment for sensitivity includes clindamycin .,Treatment | for | sensitivity | includes | clindamycin | .,0 0 1 0 3 0,O | O | B-Disease | O | B-Chemical | O
test,"Diagnosis of gingivitis confirmed , acetaminophen recommended .","Diagnosis | of | gingivitis | confirmed | , | acetaminophen | recommended | .",0 0 1 0 0 3 0 0,O | O | B-Disease | O | O | B-Chemical | O | O
test,Clindamycin was administered for gingivitis .,Clindamycin | was | administered | for | gingivitis | .,0 0 0 0 1 0,O | O | O | O | B-Disease | O
test,Chlorhexidine was administered for caries .,Chlorhexidine | was | administered | for | caries | .,0 0 0 0 1 0,O | O | O | O | B-Disease | O
test,"Patient reports gum disease , acetaminophen prescribed .","Patient | reports | gum | disease | , | acetaminophen | prescribed | .",0 0 1 2 0 3 0 0,O | O | B-Disease | I-Disease | O | B-Chemical | O | O
test,The patient has toothache and was started on penicillin .,The | patient | has | toothache | and | was | started | on | penicillin | .,0 0 0 1 0 0 0 0 3 0,O | O | O | B-Disease | O | O | O | O | B-Chemical | O
test,The patient has dental caries and was started on naproxen .,The | patient | has | dental | caries | and | was | started | on | naproxen | .,0 0 0 1 2 0 0 0 0 3 0,O | O | O | B-Disease | I-Disease | O | O | O | O | B-Chemical | O
test,"Patient reports oral infection , ibuprofen prescribed .","Patient | reports | oral | infection | , | ibuprofen | prescribed | .",0 0 1 2 0 3 0 0,O | O | B-Disease | I-Disease | O | B-Chemical | O | O
test,"Patient reports abscess , amoxicillin prescribed .","Patient | reports | abscess | , | amoxicillin | prescribed | .",0 0 1 0 3 0 0,O | O | B-Disease | O | B-Chemical | O | O
test,Patient was prescribed tetracycline for cavity .,Patient | was | prescribed | tetracycline | for | cavity | .,0 0 0 3 0 1 0,O | O | O | B-Chemical | O | B-Disease | O
test,Treatment for gum disease includes clindamycin .,Treatment | for | gum | disease | includes | clindamycin | .,0 0 1 2 0 3 0,O | O | B-Disease | I-Disease | O | B-Chemical | O
test,Tetracycline was administered for dental caries .,Tetracycline | was | administered | for | dental | caries | .,0 0 0 0 1 2 0,O | O | O | O | B-Disease | I-Disease | O
test,"Patient reports oral infection , lidocaine prescribed .","Patient | reports | oral | infection | , | lidocaine | prescribed | .",0 0 1 2 0 3 0 0,O | O | B-Disease | I-Disease | O | B-Chemical | O | O
test,The patient has tooth decay and was started on naproxen .,The | patient | has | tooth | decay | and | was | started | on | naproxen | .,0 0 0 1 2 0 0 0 0 3 0,O | O | O | B-Disease | I-Disease | O | O | O | O | B-Chemical | O
test,"Diagnosis of dental caries confirmed , acetaminophen recommended .","Diagnosis | of | dental | caries | confirmed | , | acetaminophen | recommended | .",0 0 1 2 0 0 3 0 0,O | O | B-Disease | I-Disease | O | O | B-Chemical | O | O
test,Metronidazole was administered for gum disease .,Metronidazole | was | administered | for | gum | disease | .,0 0 0 0 1 2 0,O | O | O | O | B-Disease | I-Disease | O
test,The patient has sensitivity and was started on fluoride .,The | patient | has | sensitivity | and | was | started | on | fluoride | .,0 0 0 1 0 0 0 0 3 0,O | O | O | B-Disease | O | O | O | O | B-Chemical | O
test,"Patient reports caries , naproxen prescribed .","Patient | reports | caries | , | naproxen | prescribed | .",0 0 1 0 3 0 0,O | O | B-Disease | O | B-Chemical | O | O
test,The patient has abscess and was started on naproxen .,The | patient | has | abscess | and | was | started | on | naproxen | .,0 0 0 1 0 0 0 0 3 0,O | O | O | B-Disease | O | O | O | O | B-Chemical | O
test,Patient was prescribed lidocaine for periodontitis .,Patient | was | prescribed | lidocaine | for | periodontitis | .,0 0 0 3 0 1 0,O | O | O | B-Chemical | O | B-Disease | O
test,Aspirin was administered for cavity .,Aspirin | was | administered | for | cavity | .,0 0 0 0 1 0,O | O | O | O | B-Disease | O
test,"Diagnosis of abscess confirmed , tetracycline recommended .","Diagnosis | of | abscess | confirmed | , | tetracycline | recommended | .",0 0 1 0 0 3 0 0,O | O | B-Disease | O | O | B-Chemical | O | O
test,"Patient reports sensitivity , fluoride prescribed .","Patient | reports | sensitivity | , | fluoride | prescribed | .",0 0 1 0 3 0 0,O | O | B-Disease | O | B-Chemical | O | O
test,"Patient reports tooth decay , metronidazole prescribed .","Patient | reports | tooth | decay | , | metronidazole | prescribed | .",0 0 1 2 0 3 0 0,O | O | B-Disease | I-Disease | O | B-Chemical | O | O
test,Prescribed ibuprofen to manage caries .,Prescribed | ibuprofen | to | manage | caries | .,0 3 0 0 1 0,O | B-Chemical | O | O | B-Disease | O
test,"Patient reports periodontitis , naproxen prescribed .","Patient | reports | periodontitis | , | naproxen | prescribed | .",0 0 1 0 3 0 0,O | O | B-Disease | O | B-Chemical | O | O
test,"Patient reports infection , acetaminophen prescribed .","Patient | reports | infection | , | acetaminophen | prescribed | .",0 0 1 0 3 0 0,O | O | B-Disease | O | B-Chemical | O | O
